﻿{
  "Name": "More Likely Shriek Pogo",
  "PriorityEdits": [
    {
      "Target": {
        "match": "ITEM",
        "name": "Mantis_Claw"
      },
      "Op": "MAX",
      "Param": 0.8
    },
    {
      "Target": {
        "match": "ITEM",
        "name": "Monarch_Wings"
      },
      "Op": "MIN",
      "Param": 0.75
    },
    {
      "Target": {
        "match": "ITEM",
        "name": "Howling_Wraiths"
      },
      "Op": "MIN",
      "Param": 0.0
    },
    {
      "Target": {
        "match": "ITEM",
        "name": "Abyss_Shriek"
      },
      "Op": "MIN",
      "Param": 0.0
    }
  ]
}