{
  "Grubfather": {
    "Grub Rewards": 99999999
  },
  "Seer": {
    "Essence Rewards": 99999999
  },
  "Egg_Shop": {
    "Egg Rewards": 99999999
  },
  "Salubra_(Requires_Charms)": {
    "Charm Rewards": 99999999
  },
  "Geo_Chest-Junk_Pit_1": {
    "Junk Pit Chests": 99999999
  },
  "Geo_Chest-Junk_Pit_2": {
    "Junk Pit Chests": 99999999
  },
  "Geo_Chest-Junk_Pit_3": {
    "Junk Pit Chests": 99999999
  },
  "Geo_Chest-Junk_Pit_5": {
    "Junk Pit Chests": 99999999
  },
  "Lumafly_Escape-Junk_Pit_Chest_4": {
    "Junk Pit Chests": 99999999
  },
  "Godtuner": {
    "Elite Four": 99999999
  },
  "Collector's_Map": {
    "Elite Four": 99999999
  },
  "King's_Brand": {
    "Elite Four": 99999999
  },
  "World_Sense": {
    "Elite Four": 99999999
  }
}