<?xml version="1.0"?>
<doc>
    <assembly>
        <name>BenchRando</name>
    </assembly>
    <members>
        <member name="M:BenchRando.BenchDef.GetBenchwarpInfo">
            <summary>
            Creates a Bench from the BenchDef's data if not a base bench. Otherwise, retrieves the corresponding Benchwarp Bench definition.
            </summary>
            <returns></returns>
        </member>
        <member name="M:BenchRando.BenchDef.GetBenchDeployerGroup">
            <summary>
            Creates a BenchDeployerGroup from the BenchDef's data if not a base bench.
            </summary>
            <exception cref="T:System.NotImplementedException">The method is not overriden and IsBaseBench is true.</exception>
        </member>
        <member name="M:BenchRando.BenchDef.GetRMItemDef">
            <summary>
            Creates a Rando ItemDef from the BenchDef's data.
            </summary>
        </member>
        <member name="M:BenchRando.BenchDef.GetRMLocationDef">
            <summary>
            Creates a Rando LocationDef from the BenchDef's data. The LocationDef has an additional property for the BenchArea of the bench.
            <br/>Attempts to project the BenchDef's scene to the nearest scene known to rando, if necessary.
            </summary>
        </member>
        <member name="M:BenchRando.BenchDef.GetICItem">
            <summary>
            Creates an AbstractItem from the BenchDef's data.
            </summary>
        </member>
        <member name="M:BenchRando.BenchDef.GetICLocation">
            <summary>
            Creates an AbstractLocation from the BenchDef's data.
            </summary>
        </member>
        <member name="P:BenchRando.BRData.BenchLookup">
            <summary>
            The bench data used by BenchRando for randomization. Can be modified by other mods.
            Is null outside of randomization.
            </summary>
        </member>
        <member name="P:BenchRando.BRData.EmbeddedBenchData">
            <summary>
            The bench data embedded in BenchRando, which seeds BenchLookup prior to ModifyBenchList.
            This property can always be safely used.
            </summary>
        </member>
        <member name="E:BenchRando.BRData.ModifyBenchList">
            <summary>
            Invoked each time BRData is set up at the start of randomization.
            </summary>
        </member>
        <member name="M:BenchRando.BRData.GetNonRandomizableBenches">
            <summary>
            Returns the values of BenchLookup which are not randomizable.
            </summary>
        </member>
        <member name="M:BenchRando.BRData.IsBenchName(System.String)">
            <summary>
            Returns true if key is not null and is in BenchLookup.
            </summary>
        </member>
        <member name="M:BenchRando.BRData.Reset">
            <summary>
            Nulls BenchLookup.
            </summary>
        </member>
        <member name="T:BenchRando.IC.RequireUnlockToRestTag">
            <summary>
            Location/placement tag which indicates that an associated bench container should not allow resting until the bench item is obtained.
            </summary>
        </member>
        <member name="T:BenchRando.LocalSettings">
            <summary>
            Settings representing the save-specific BenchRandoMod data.
            <br/>As a connection mod, BR does not implement ILocalSettings, and instead packages its settings in the BRLocalSettingsModule.
            </summary>
        </member>
        <member name="M:BenchRando.LocalSettings.#ctor(System.Int32)">
            <summary>
            Creates LocalSettings from the current GlobalSettings and BRData, randomized according to the seed parameter.
            </summary>
        </member>
        <member name="M:BenchRando.Rando.CondensedSpoilerLogger.AddCategory(System.String,System.Func{RandomizerMod.Logging.LogArguments,System.Boolean},System.Collections.Generic.List{System.String})">
            <summary>
            Add a category to the condensed spoiler log.
            </summary>
            <param name="categoryName">The title to give the category.</param>
            <param name="test">Return false to skip adding this category to the log.</param>
            <param name="entries">A list of items to log in the category.</param>
        </member>
        <member name="M:BenchRando.Rando.RandoInterop.Setup">
            <summary>
            Hooks various modifiers and loggers to allow BR to modify randomization.
            </summary>
        </member>
        <member name="M:BenchRando.Rando.RandoInterop.Clear">
            <summary>
            Disposes local settings once no longer needed to prevent accidental access.
            </summary>
        </member>
        <member name="M:BenchRando.Rando.RandoInterop.IsEnabled">
            <summary>
            Returns true when bench spot randomization or bench item randomization is active.
            </summary>
        </member>
        <member name="M:BenchRando.Rando.RandoInterop.Initialize(System.Int32)">
            <summary>
            Called during LogicPatcher to setup BRData and LS prior to injecting logic and randomization.
            <br/>The constructor of LS handles randomizing bench spots and styles, using the BRData bench list and the parameter seed.
            </summary>
        </member>
        <member name="M:BenchRando.Rando.RandoInterop.Finish(RandomizerMod.RC.RandoController)">
            <summary>
            Creates various BR modules during Export.
            </summary>
        </member>
    </members>
</doc>
