[
    {
        "name": "Lever-Crystal_Peak_Spike_Grub",
        "logic": "ORIG | ((Mines_03[bot1] | Mines_03[right1]) + BLUEMOTH + (((CRYSTALMASTER | LEFTDASH | SPELLAIRSTALL + $CASTSPELL[3]) + SPIKETUNNELS) | Lever-Crystal_Peak_Spike_Grub)) | (Mines_03[bot1] + ANTIGRAV + (PRECISEMOVEMENT | LONGNAIL | MARKOFPRIDE) + SPIKETUNNELS) | (Mines_03[right1] + ANTIGRAV + SPIKETUNNELS)"
    },
    {
        "name": "Lever-Crystal_Peak_Crushers_Grub",
        "logic": "ORIG | ((Mines_19[left1] | Mines_19[right1]) + (ANTIGRAV | BLUEMOTH) + (LEFTDASH | CRYSTALMASTER | Lever-Crystal_Peak_Crushers_Grub))"
    },
    {
        "name": "Lever-Crystal_Peak_Crushers_Chest",
        "logic": "ORIG | (Mines_37[bot1] + (ANTIGRAVWINGS | (Lever-Crystal_Peak_Crushers_Chest + ANTIGRAV + RIGHTDASH)))"
    },
    {
        "name": "Lever-Crystal_Peak_Above_Chest",
        "logic": "ORIG | (Mines_37[top1] + ANTIGRAVWINGS) | (Mines_37[bot1] + ANTIGRAVWINGS + ((Lever-Crystal_Peak_Crushers_Chest ? TRUE) | FULLDASH | (DASHSPRINT + OBSCURESKIPS)))"
    },
    {
        "name": "Bench-Gardens_Cornifer",
        "logic": "ORIG | (Fungus1_24[left1] + $BENCHRESET + (ANTIGRAV | BLUEMOTH))"
    },
    {
        "name": "Switch-Petra_Arena",
        "logic": "ORIG | ((Fungus3_05[left1] | Fungus3_05[right1] | (Fungus3_05[right2] + Switch-Petra_Arena)) + (ANTIGRAVWINGS | CRYSTALMASTER | (ANTIGRAV + LEFTCLAW + PRECISEMOVEMENT) | (ANTIGRAV + RIGHTDASH) | (ANTIGRAV + RIGHTSUPERDASH) | (ANTIGRAV + SPELLAIRSTALL + $CASTSPELL[3,before:ROOMSOUL])))"
    },
    {
        "name": "Bench-Gardens_Stag",
        "logic": "ORIG | (Fungus3_40[top1] + $BENCHRESET + (ANTIGRAV | BLUEMOTH | CRYSTALMASTER))"
    },
    {
        "name": "Lever-Below_Overgrown_Mound",
        "logic": "ORIG | (Fungus3_44[bot1] + (ANTIGRAV | BLUEMOTH))"
    },
    {
        "name": "Bench-Canyon_Depths",
        "logic": "ORIG | (Fungus3_26[right1] + $BENCHRESET + (ANTIGRAV | BLUEMOTH | CRYSTALMASTER))"
    },
    {
        "name": "Bench-Archives",
        "logic": "ORIG | (Fungus3_archive[bot1] + $BENCHRESET + (ANTIGRAV | BLUEMOTH))"
    },
    {
        "name": "Lever-Queen's_Station_Mask_Shard",
        "logic": "ORIG | (Fungus2_01 + (BLUEMOTH | YEET | (ANTIGRAV + LEFTDASH) | (ANTIGRAV + GREATSLASH) | (ANTIGRAV + SPELLAIRSTALL + $CASTSPELL[3,before:AREASOUL]) | (ANTIGRAV + RIGHTCLAW + LEFTSUPERDASH) | (CRYSTALMASTER + FULLCLAW)))"
    },
    {
        "name": "Lever-Fungal_Wastes_Bouncy_Grub",
        "logic": "ORIG | (Fungus2_18[right1] + (ANTIGRAV | BLUEMOTH | CRYSTALMASTER))"
    },
    {
        "name": "Lever-Fungal_Wastes_Thorns_Gauntlet",
        "logic": "ORIG | (Fungus2_04 + (BLUEMOTH | (CRYSTALMASTER + RIGHTCLAW)))"
    },
    {
        "name": "Lever-Pilgrim's_Way_Left",
        "logic": "ORIG | (Fungus2_21[left1] + (ANTIGRAVWINGS | (ANTIGRAV + RIGHTCLAW + GREATSLASH) | (ANTIGRAV + RIGHTCLAW + SPELLAIRSTALL + $CASTSPELL[3,before:ROOMSOUL]) | (CRYSTALMASTER + RIGHTCLAW) | (CRYSTALMASTER + GREATSLASH + WINGS) | (CRYSTALMASTER + SPELLAIRSTALL + $CASTSPELL[3,before:ROOMSOUL] + WINGS) | (CRYSTALMASTER + RIGHTDASH + WINGS))) | (Fungus2_21[right1] + Broke_Pilgrim's_Way_Quake_Floor + (ANTIGRAVWINGS | (CRYSTALMASTER + FULLCLAW)))"
    },
    {
        "name": "Lever-Pilgrim's_Way_Right",
        "logic": "ORIG | (Fungus2_21[left1] + (ANTIGRAVWINGS | (ANTIGRAV + RIGHTCLAW + GREATSLASH) | (ANTIGRAV + RIGHTCLAW + SPELLAIRSTALL + $CASTSPELL[3,before:ROOMSOUL]) | (CRYSTALMASTER + RIGHTCLAW) | (CRYSTALMASTER + GREATSLASH + WINGS) | (CRYSTALMASTER + SPELLAIRSTALL + $CASTSPELL[3,before:ROOMSOUL] + WINGS) | (CRYSTALMASTER + RIGHTDASH + WINGS))) | (Fungus2_21[right1] + Broke_Pilgrim's_Way_Quake_Floor + (ANTIGRAVWINGS | (ANTIGRAV + ANYCLAW)))"
    },
    {
        "name": "Bench-Bretta",
        "logic": "ORIG | ((Fungus2_13 | Fungus2_13[left3]) + $BENCHRESET + (ANTIGRAV | BLUEMOTH | CRYSTALMASTER))"
    },
    {
        "name": "Lever-Mantis_Lords_Access",
        "logic": "ORIG | (Fungus2_14 + (ANTIGRAVWINGS | (ANTIGRAV + ANYCLAW) | (CRYSTALMASTER + LEFTCLAW)))"
    },
    {
        "name": "Lever-Mantis_Lords_Top_Left",
        "logic": "ORIG | (Fungus2_15[top3] + (ANTIGRAV | BLUEMOTH)) | (Fungus2_15[right1] + (ANTIGRAVWINGS | (ANTIGRAV + ANYCLAW) | (ANTIGRAV + (Lever-Mantis_Lords_Middle_Right ? TRUE)))) | (Fungus2_15[left1] + (BLUEMOTH | (YEET + LEFTCLAW + WINGS)))"
    },
    {
        "name": "Lever-Mantis_Lords_Middle_Left",
        "logic": "ORIG | (Fungus2_15[left1] + (BLUEMOTH | (YEET + LEFTCLAW + WINGS)))"
    },
    {
        "name": "Lever-Mantis_Lords_Bottom_Left",
        "logic": "ORIG | (Fungus2_15[left1] + (BLUEMOTH | (YEET + LEFTCLAW + WINGS)))"
    },
    {
        "name": "Lever-Mantis_Lords_Middle_Right",
        "logic": "ORIG | (Fungus2_15[left1] + (BLUEMOTH | (YEET + LEFTCLAW + WINGS))) | (Fungus2_15[top3] + ANTIGRAVWINGS)"
    },
    {
        "name": "Lever-Mantis_Lords_Bottom_Right",
        "logic": "ORIG | (Fungus2_15[left1] + (BLUEMOTH | (YEET + LEFTCLAW + WINGS))) | (Fungus2_15[top3] + ANTIGRAVWINGS) | (Fungus2_15[right1] + (ANTIGRAVWINGS | (ANTIGRAV + ANYCLAW)))"
    },
    {
        "name": "Lever-City_Above_Lemm_Upper",
        "logic": "ORIG | (Ruins1_05[bot2] + BLUEMOTH + Lever-City_Above_Lemm_Upper) | (Ruins1_05[bot1] + Lever-City_Above_Lemm_Upper + (ANTIGRAVWINGS | (ANTIGRAV + ANYCLAW) | (SNAILSLASH + LONGMARK + BACKGROUNDPOGOS)))"
    },
    {
        "name": "Lever-City_Above_Lemm_Left",
        "logic": "ORIG | ((Ruins1_05c[top1] | Ruins1_05c[top3] | Ruins1_05c) + (Lever-City_Above_Lemm_Left ? FALSE) + (ANTIGRAV | BLUEMOTH))"
    },
    {
        "name": "Lever-Sanctum_Soul_Warrior",
        "logic": "ORIG | (Ruins1_23 + (ANTIGRAV | BLUEMOTH | (CRYSTALMASTER + RIGHTCLAW + SPELLAIRSTALL + $CASTSPELL[3,before:ROOMSOUL])))"
    },
    {
        "name": "Lever-Sanctum_Bottom",
        "logic": "ORIG | (Ruins1_23 + (Lever-Sanctum_Bottom ? FALSE) + (ANTIGRAV | BLUEMOTH))"
    },
    {
        "name": "Lever-Sanctum_East",
        "logic": "ORIG | ((Ruins1_25[left1] | Ruins1_25[left2] | Ruins1_25[left3]) + (ANTIGRAV | BLUEMOTH))"
    },
    {
        "name": "Lever-Below_Spell_Twister",
        "logic": "ORIG | (Ruins1_30 + (ANTIGRAV | BLUEMOTH))"
    },
    {
        "name": "Lever-Sanctum_West_Upper",
        "logic": "ORIG | (Ruins1_32[right1] + ANTIGRAVWINGS + Broke_Quake_Floor_After_Soul_Master_1)"
    },
    {
        "name": "Lever-Sanctum_West_Lower",
        "logic": "ORIG | (Ruins1_32[right1] + (ANTIGRAVWINGS | (SNAILSLASH + Lever-Sanctum_West_Upper)) + (Broke_Quake_Floor_After_Soul_Master_1 | Lever-Sanctum_West_Upper) + Broke_Quake_Floor_After_Soul_Master_2 + Broke_Quake_Floor_After_Soul_Master_3)"
    },
    {
        "name": "Lever-City_Fountain",
        "logic": "ORIG | (Ruins1_27[left1] + (ANTIGRAVWINGS | (ANTIGRAV + RIGHTCLAW)))"
    },
    {
        "name": "Lever-Emilitia",
        "logic": "ORIG | (Ruins_House_03[left2] + BLUEMOTH)"
    },
    {
        "name": "Mr_Mushroom-Kingdom's_Edge",
        "logic": "ORIG | (Deepnest_East_01[bot1] + Spore_Shroom + (MRMUSHROOMFOUND>1 | (MRMUSHROOMFOUND>0 + DREAMER3)) + (ANTIGRAV | BLUEMOTH))"
    },
    {
        "name": "Bench-Bardoon",
        "logic": "ORIG | ((Deepnest_East_04 | (Bench-Bardoon's_Tail ? FALSE)) + $BENCHRESET + (ANTIGRAV | BLUEMOTH))"
    },
    {
        "name": "Bench-Bardoon's_Tail",
        "logic": "ORIG | (Deepnest_East_04 + $BENCHRESET + (ANTIGRAV | BLUEMOTH))"
    },
    {
        "name": "Bench-Beast's_Den",
        "logic": "ORIG | (Deepnest_Spider_Town[left1] + $BENCHRESET + (ANTIGRAVWINGS | (ANTIGRAV + ANYCLAW)))"
    },
    {
        "name": "Bench-Galien's_Grave",
        "logic": "ORIG | (Deepnest_40[right1] + $BENCHRESET + (ANTIGRAVWINGS | (ANTIGRAV + ANYCLAW)))"
    },
    {
        "name": "Lever-Failed_Tramway_Right",
        "logic": "ORIG | (Deepnest_26 + (ANTIGRAVWINGS | (ANTIGRAV + ENEMYPOGOS) | SNAILSLASH))"
    },
    {
        "name": "Lever-Failed_Tramway_Left",
        "logic": "ORIG | (Deepnest_26b[right2] + (ANTIGRAV | BLUEMOTH | SNAILSLASH | (CRYSTALMASTER + ENEMYPOGOS) | (CRYSTALMASTER + LEFTCLAW))) | ((Bench-Destroyed_Tram ? FALSE) + (ANTIGRAV | BLUEMOTH | (CRYSTALMASTER + ENEMYPOGOS) | (CRYSTALMASTER + WINGS)))"
    },
    {
        "name": "Lever-Waterways_Hwurmp_Arena",
        "logic": "ORIG | ((Waterways_09[left1] | Waterways_09[right1]) + (ANTIGRAV | BLUEMOTH | (CRYSTALMASTER + RIGHTCLAW)))"
    },
    {
        "name": "Bench-Waterways_Entrance",
        "logic": "ORIG | (Waterways_01 + $BENCHRESET + (ANTIGRAV | BLUEMOTH)) | (Waterways_01[right1] + $BENCHRESET + (ANTIGRAV | BLUEMOTH | CRYSTALMASTER))"
    },
    {
        "name": "Bench-Waterways",
        "logic": "ORIG | (Waterways_02 + $BENCHRESET + (ANTIGRAVWINGS | (ANTIGRAV + ANYCLAW) | (ANTIGRAV + ENEMYPOGOS + DANGEROUSSKIPS) | (SNAILSLASH + DANGEROUSSKIPS)))"
    },
    {
        "name": "Bench-Fort_Flukefey",
        "logic": "ORIG | (Waterways_08[top1] + $BENCHRESET + (ANTIGRAV | BLUEMOTH | CRYSTALMASTER)) | (Waterways_08[left2] + CRYSTALMASTER) | (Waterways_08[left1] + $BENCHRESET + (ANTIGRAV | BLUEMOTH | (CRYSTALMASTER + LEFTCLAW)))"
    },
    {
        "name": "Bench-Hermit's_Approach",
        "logic": "ORIG | (Room_GG_Shortcut[top1] + $BENCHRESET + ACIDSKIPS + (BLUEMOTH | (ANTIGRAV + RIGHTDASH + WINGS) | (CRYSTALMASTER + RIGHTDASH + WINGS) | (YEET + SPELLAIRSTALL + $CASTSPELL[3,before:ROOMSOUL] + WINGS))) | (Room_GG_Shortcut[left1] + $BENCHRESET + ACIDSKIPS + (BLUEMOTH | (ANTIGRAV + RIGHTDASH + WINGS + ANYCLAW) | (CRYSTALMASTER + RIGHTDASH + WINGS + ANYCLAW) | (YEET + SPELLAIRSTALL + $CASTSPELL[3,before:ROOMSOUL] + ANYCLAW)))"
    },
    {
        "name": "Bench-Acid_Sluice_West",
        "logic": "ORIG | (Waterways_06[right1] + $BENCHRESET + (ANTIGRAVWINGS | (ANTIGRAV + SPELLAIRSTALL + $CASTSPELL[3] + LEFTDASH) | YEET | (CRYSTALMASTER + WINGS) | (CRYSTALMASTER + LEFTDASH) | (CRYSTALMASTER + SPELLAIRSTALL + $CASTSPELL[3])))"
    },
    {
        "name": "Bench-Acid_Sluice_East",
        "logic": "ORIG | (Waterways_07 + $BENCHRESET + (BLUEMOTH | (ANTIGRAV + WINGS + LEFTDASH) | (ANTIGRAV + WINGS + ANYCLAW) | (ANTIGRAV + FULLCLAW) | (YEET + WINGS) | (YEET + ANYCLAW) | (CRYSTALMASTER + LEFTCLAW)))"
    },
    {
        "name": "Bench-Kingsmould_Duelist",
        "logic": "ORIG | (White_Palace_02[left1] + $BENCHRESET + (ANTIGRAVWINGS | (ANTIGRAV + RIGHTCLAW) | (ANTIGRAV + LEFTCLAW + COMBAT[White_Palace_Arenas])))"
    },
    {
        "name": "Lever-Palace_Entrance_Orb",
        "logic": "ORIG | (White_Palace_02[left1] + (BLUEMOTH | (ANTIGRAV + WINGS + COMBAT[White_Palace_Arenas]) | (ANTIGRAV + LEFTCLAW + COMBAT[White_Palace_Arenas])))"
    },
    {
        "name": "Lever-Palace_Atrium",
        "logic": "ORIG | (White_Palace_03_hub + Lever-Palace_Atrium + (ANTIGRAV | BLUEMOTH | (CRYSTALMASTER + LEFTDASH)))"
    },
    {
        "name": "Lever-Palace_Right",
        "logic": "ORIG | ((White_Palace_15[left1] | White_Palace_15[right2]) + (BLUEMOTH | (ANTIGRAV + WINGS + ANYCLAW)))"
    },
    {
        "name": "Bench-Thorny_Respite",
        "logic": "ORIG | (White_Palace_05[right1] + $BENCHRESET + (ANTIGRAVWINGS | (ANTIGRAV + LEFTDASH + ANYCLAW) | (YEET + ANYCLAW + GREATSLASH) | (CRYSTALMASTER + LEFTCLAW) | (CRYSTALMASTER + RIGHTCLAW + WINGS)))"
    },
    {
        "name": "Bench-Sawblade_Choir",
        "logic": "ORIG | (White_Palace_04[top1] + $BENCHRESET + (ANTIGRAV | BLUEMOTH)) | (White_Palace_04[right2] + (ANTIGRAVWINGS | (CRYSTALMASTER + ANYCLAW + WINGS) | (CRYSTALMASTER + LEFTDASH + WINGS)))"
    },
    {
        "name": "Bench-Palace_West",
        "logic": "ORIG | (White_Palace_14[bot1] + $BENCHRESET + (ANTIGRAV | BLUEMOTH))"
    },
    {
        "name": "Lever-Palace_Final",
        "logic": "ORIG | ((White_Palace_12[right1] | White_Palace_12[bot1]) + Lever-Palace_Final + (ANTIGRAV | BLUEMOTH))"
    },
    {
        "name": "Bench-Throne_Approach",
        "logic": "ORIG | ((White_Palace_13[left2] | White_Palace_13) + $BENCHRESET + (BLUEMOTH | (YEET + WINGS + RIGHTCLAW))) | (White_Palace_13[left1] + $BENCHRESET + RIGHTSUPERDASH + (BLUEMOTH | CRYSTALMASTER | (ANTIGRAV + LEFTCLAW))) | (White_Palace_13[right1] + $BENCHRESET + (BLUEMOTH | (YEET + WINGS + ANYCLAW))) | (White_Palace_13 + $BENCHRESET + ((RIGHTSUPERDASH + ANTIGRAV + WINGS) | (ANTIGRAV + WINGS + RIGHTDASH + SPIKETUNNELS) | (YEET + WINGS + SPIKETUNNELS) | (YEET + ANYCLAW + SPIKETUNNELS))) | (White_Palace_13[right1] + $BENCHRESET + (BLUEMOTH | (YEET + WINGS + ANYCLAW)))"
    },
    {
        "name": "Lever-Path_of_Pain",
        "logic": "ORIG | (White_Palace_17[bot1] + ((BLUEMOTH + LEFTDASH) | (ANTIGRAV + BLUEMOTH + SPELLAIRSTALL + $CASTSPELL[2]) | (ANTIGRAV + BLUEMOTH + GREATSLASH + PRECISEMOVEMENT) | (ANTIGRAV + FULLDASH + FULLCLAW + DIFFICULTSKIPS) | (ANTIGRAV + LEFTDASH + RIGHTSUPERDASH + FULLCLAW + DIFFICULTSKIPS) | (ANTIGRAV + WINGS + ANYCLAW + SPELLAIRSTALL + $CASTSPELL[3]) | (ANTIGRAV + WINGS + ANYCLAW + GREATSLASH + PRECISEMOVEMENT))) | (White_Palace_17[right1] + Lever-Path_of_Pain + ((BLUEMOTH + LEFTDASH) | (ANTIGRAV + BLUEMOTH + SPELLAIRSTALL + $CASTSPELL[2]) | (ANTIGRAV + BLUEMOTH + GREATSLASH + PRECISEMOVEMENT) | (ANTIGRAV + FULLDASH + LEFTCLAW + DIFFICULTSKIPS) | (ANTIGRAV + WINGS + ANYCLAW + SPELLAIRSTALL + $CASTSPELL[3]) | (ANTIGRAV + WINGS + ANYCLAW + GREATSLASH + PRECISEMOVEMENT)))"
    },
    {
        "name": "Bench-Godhome_Atrium",
        "logic": "ORIG | (GG_Atrium + $BENCHRESET + (ANTIGRAVWINGS | (ANTIGRAV + ANYCLAW) | (CRYSTALMASTER + RIGHTCLAW)))"
    },
    {
        "name": "Bench-Hall_of_Gods",
        "logic": "ORIG | (GG_Workshop + BLUEMOTH + $BENCHRESET)"
    }
]