<?xml version="1.0"?>
<doc>
    <assembly>
        <name>Core_FsmUtil</name>
    </assembly>
    <members>
        <member name="T:Core.FsmUtil.Actions.FunctionAction`1">
            <summary>
                FsmStateAction that invokes methods with an argument.
                You will likely use this with a `HutongGames.PlayMaker.NamedVariable` as the generic argument
            </summary>
        </member>
        <member name="F:Core.FsmUtil.Actions.FunctionAction`1.Method">
            <summary>
                The method to invoke.
            </summary>
        </member>
        <member name="F:Core.FsmUtil.Actions.FunctionAction`1.Arg">
            <summary>
                The argument.
            </summary>
        </member>
        <member name="M:Core.FsmUtil.Actions.FunctionAction`1.Reset">
            <summary>
                Resets the action.
            </summary>
        </member>
        <member name="M:Core.FsmUtil.Actions.FunctionAction`1.OnEnter">
            <summary>
                Called when the action is being processed.
            </summary>
        </member>
        <member name="T:Core.FsmUtil.Actions.LogAction">
            <summary>
                FsmStateAction that logs the value of an FsmString and gives context of which GameObject with which Fsm in which State produces the log.
                Output:
                `[{GameObject path}]:[{FSM name}]:[{FSM State name}] - {message}`
            </summary>
        </member>
        <member name="M:Core.FsmUtil.Actions.LogAction.OnEnter">
            <summary>
                Called when the action is being processed.
            </summary>
        </member>
        <member name="T:Core.FsmUtil.Actions.MethodAction">
            <summary>
                FsmStateAction that invokes methods.
            </summary>
        </member>
        <member name="F:Core.FsmUtil.Actions.MethodAction.Method">
            <summary>
                The method to invoke.
            </summary>
        </member>
        <member name="M:Core.FsmUtil.Actions.MethodAction.Reset">
            <summary>
                Resets the action.
            </summary>
        </member>
        <member name="M:Core.FsmUtil.Actions.MethodAction.OnEnter">
            <summary>
                Called when the action is being processed.
            </summary>
        </member>
        <member name="T:Core.FsmUtil.Actions.SimpleLogAction">
            <summary>
                FsmStateAction that logs the value of an FsmString.
                Output:
                `[Core]:[FsmUtil]:[LogAction] - {message}`
            </summary>
        </member>
        <member name="F:Core.FsmUtil.Actions.SimpleLogAction.Text">
            <summary>
                The text to log.
            </summary>
        </member>
        <member name="M:Core.FsmUtil.Actions.SimpleLogAction.Reset">
            <summary>
                Resets the action.
            </summary>
        </member>
        <member name="M:Core.FsmUtil.Actions.SimpleLogAction.OnEnter">
            <summary>
                Called when the action is being processed.
            </summary>
        </member>
        <member name="T:Core.FsmUtil.FSMData">
            <summary>
            Provides data necessary to find the FSM you want to edit. Use this overload when you want to edit and fsm on a gameObject only in a specific scene
            </summary>
            <param name="SceneName">The scene name where you want the edit to happen</param>
            <param name="GameObjectName">The name of the gameObject that the fsm resides in</param>
            <param name="FsmName">The name of the FSM you want to edit</param>
            <param name="StateName">The name of the state</param>
        </member>
        <member name="M:Core.FsmUtil.FSMData.#ctor(System.String,System.String,System.String,System.String)">
            <summary>
            Provides data necessary to find the FSM you want to edit. Use this overload when you want to edit and fsm on a gameObject only in a specific scene
            </summary>
            <param name="SceneName">The scene name where you want the edit to happen</param>
            <param name="GameObjectName">The name of the gameObject that the fsm resides in</param>
            <param name="FsmName">The name of the FSM you want to edit</param>
            <param name="StateName">The name of the state</param>
        </member>
        <member name="P:Core.FsmUtil.FSMData.SceneName">
            <summary>The scene name where you want the edit to happen</summary>
        </member>
        <member name="P:Core.FsmUtil.FSMData.GameObjectName">
            <summary>The name of the gameObject that the fsm resides in</summary>
        </member>
        <member name="P:Core.FsmUtil.FSMData.FsmName">
            <summary>The name of the FSM you want to edit</summary>
        </member>
        <member name="P:Core.FsmUtil.FSMData.StateName">
            <summary>The name of the state</summary>
        </member>
        <member name="M:Core.FsmUtil.FSMData.#ctor(System.String,System.String,System.String)">
            <summary>
            Provides data necessary to find the FSM you want to edit. Use this overload when you want to edit and fsm on a gameObject in all scenes
            </summary>
            <param name="GameObjectName">The name of the gameobject that the fsm resides in</param>
            <param name="FsmName">The name of the FSM you want to edit</param>
            <param name="StateName">The name of the state</param>
        </member>
        <member name="M:Core.FsmUtil.FSMData.#ctor(System.String,System.String)">
            <summary>
            Provides data necessary to find the FSM you want to edit. Use this overload when you want to edit and an fsm on all gameObjects and all scenes
            </summary>
            <param name="FsmName">The name of the FSM you want to edit</param>
            <param name="StateName">The name of the state</param>
        </member>
        <member name="T:Core.FsmUtil.FsmUtil">
            <summary>
                Utils specifically for PlayMakerFSMs.
            </summary>
        </member>
        <member name="M:Core.FsmUtil.FsmUtil.GetFsmPreprocessed(UnityEngine.GameObject,System.String)">
            <summary>
                Locates a PlayMakerFSM by name and preprocesses it.
            </summary>
            <param name="go">The GameObject to search on</param>
            <param name="fsmName">The name of the FSM</param>
            <returns>The found FSM, null if not found</returns>
        </member>
        <member name="M:Core.FsmUtil.FsmUtil.GetState(PlayMakerFSM,System.String)">
            <summary>
                Gets a state in a PlayMakerFSM.
            </summary>
            <param name="fsm">The fsm</param>
            <param name="stateName">The name of the state</param>
            <returns>The found state, null if none are found</returns>
        </member>
        <member name="M:Core.FsmUtil.FsmUtil.GetFsmState(PlayMakerFSM,System.String)">
            <inheritdoc cref="M:Core.FsmUtil.FsmUtil.GetState(PlayMakerFSM,System.String)"/>
        </member>
        <member name="M:Core.FsmUtil.FsmUtil.GetTransition(PlayMakerFSM,System.String,System.String)">
            <summary>
                Gets a transition in a PlayMakerFSM.
            </summary>
            <param name="fsm">The fsm</param>
            <param name="stateName">The name of the from state</param>
            <param name="eventName">The name of the event</param>
            <returns>The found transition, null if none are found</returns>
        </member>
        <member name="M:Core.FsmUtil.FsmUtil.GetFsmTransition(PlayMakerFSM,System.String,System.String)">
            <inheritdoc cref="M:Core.FsmUtil.FsmUtil.GetTransition(PlayMakerFSM,System.String,System.String)"/>
        </member>
        <member name="M:Core.FsmUtil.FsmUtil.GetTransition(HutongGames.PlayMaker.FsmState,System.String)">
            <inheritdoc cref="M:Core.FsmUtil.FsmUtil.GetTransition(PlayMakerFSM,System.String,System.String)"/>
            <param name="state">The state</param>
            <param name="eventName">The name of the event</param>
        </member>
        <member name="M:Core.FsmUtil.FsmUtil.GetFsmTransition(HutongGames.PlayMaker.FsmState,System.String)">
            <inheritdoc cref="M:Core.FsmUtil.FsmUtil.GetTransition(HutongGames.PlayMaker.FsmState,System.String)"/>
        </member>
        <member name="M:Core.FsmUtil.FsmUtil.GetAction``1(PlayMakerFSM,System.String,System.Int32)">
            <summary>
                Gets an action in a PlayMakerFSM.
            </summary>
            <typeparam name="TAction">The type of the action that is wanted</typeparam>
            <param name="fsm">The fsm</param>
            <param name="stateName">The name of the state</param>
            <param name="index">The index of the action</param>
            <returns>The action, null if it can't be found</returns>
        </member>
        <member name="M:Core.FsmUtil.FsmUtil.GetFsmAction``1(PlayMakerFSM,System.String,System.Int32)">
            <inheritdoc cref="M:Core.FsmUtil.FsmUtil.GetAction``1(PlayMakerFSM,System.String,System.Int32)"/>
        </member>
        <member name="M:Core.FsmUtil.FsmUtil.GetAction``1(HutongGames.PlayMaker.FsmState,System.Int32)">
            <inheritdoc cref="M:Core.FsmUtil.FsmUtil.GetAction``1(PlayMakerFSM,System.String,System.Int32)"/>
            <param name="state">The state</param>
            <param name="index">The index of the action</param>
        </member>
        <member name="M:Core.FsmUtil.FsmUtil.GetFsmAction``1(HutongGames.PlayMaker.FsmState,System.Int32)">
            <inheritdoc cref="M:Core.FsmUtil.FsmUtil.GetAction``1(HutongGames.PlayMaker.FsmState,System.Int32)"/>
        </member>
        <member name="M:Core.FsmUtil.FsmUtil.GetActionsOfType``1(PlayMakerFSM,System.String)">
            <summary>
                Gets an action in a PlayMakerFSM.
            </summary>
            <typeparam name="TAction">The type of the action that is wanted</typeparam>
            <param name="fsm">The fsm</param>
            <param name="stateName">The name of the state</param>
            <returns>An array of actions</returns>
        </member>
        <member name="M:Core.FsmUtil.FsmUtil.GetFsmActionsOfType``1(PlayMakerFSM,System.String)">
            <inheritdoc cref="M:Core.FsmUtil.FsmUtil.GetActionsOfType``1(PlayMakerFSM,System.String)"/>
        </member>
        <member name="M:Core.FsmUtil.FsmUtil.GetActionsOfType``1(HutongGames.PlayMaker.FsmState)">
            <inheritdoc cref="M:Core.FsmUtil.FsmUtil.GetActionsOfType``1(PlayMakerFSM,System.String)"/>
            <param name="state">The state</param>
        </member>
        <member name="M:Core.FsmUtil.FsmUtil.GetFsmActionsOfType``1(HutongGames.PlayMaker.FsmState)">
            <inheritdoc cref="M:Core.FsmUtil.FsmUtil.GetActionsOfType``1(HutongGames.PlayMaker.FsmState)"/>
        </member>
        <member name="M:Core.FsmUtil.FsmUtil.AddState(PlayMakerFSM,System.String)">
            <summary>
                Adds a state in a PlayMakerFSM.
            </summary>
            <param name="fsm">The fsm</param>
            <param name="stateName">The name of the state</param>
            <returns>The created state</returns>
        </member>
        <member name="M:Core.FsmUtil.FsmUtil.AddFsmState(PlayMakerFSM,System.String)">
            <inheritdoc cref="M:Core.FsmUtil.FsmUtil.AddState(PlayMakerFSM,System.String)"/>
        </member>
        <member name="M:Core.FsmUtil.FsmUtil.AddState(PlayMakerFSM,HutongGames.PlayMaker.FsmState)">
            <inheritdoc cref="M:Core.FsmUtil.FsmUtil.AddState(PlayMakerFSM,System.String)"/>
            <param name="fsm">The fsm</param>
            <param name="state">The state</param>
        </member>
        <member name="M:Core.FsmUtil.FsmUtil.AddFsmState(PlayMakerFSM,HutongGames.PlayMaker.FsmState)">
            <inheritdoc cref="M:Core.FsmUtil.FsmUtil.AddState(PlayMakerFSM,HutongGames.PlayMaker.FsmState)"/>
        </member>
        <member name="M:Core.FsmUtil.FsmUtil.CopyState(PlayMakerFSM,System.String,System.String)">
            <summary>
                Copies a state in a PlayMakerFSM.
            </summary>
            <param name="fsm">The fsm</param>
            <param name="fromState">The name of the state to copy</param>
            <param name="toState">The name of the new state</param>
            <returns>The new state</returns>
        </member>
        <member name="M:Core.FsmUtil.FsmUtil.CopyFsmState(PlayMakerFSM,System.String,System.String)">
            <inheritdoc cref="M:Core.FsmUtil.FsmUtil.CopyState(PlayMakerFSM,System.String,System.String)"/>
        </member>
        <member name="M:Core.FsmUtil.FsmUtil.AddTransition(PlayMakerFSM,System.String,System.String,System.String)">
            <summary>
                Adds a transition in a PlayMakerFSM.
            </summary>
            <param name="fsm">The fsm</param>
            <param name="stateName">The name of the state from which the transition starts</param>
            <param name="eventName">The name of transition event</param>
            <param name="toState">The name of the new state</param>
            <returns>The event of the transition</returns>
        </member>
        <member name="M:Core.FsmUtil.FsmUtil.AddFsmTransition(PlayMakerFSM,System.String,System.String,System.String)">
            <inheritdoc cref="M:Core.FsmUtil.FsmUtil.AddTransition(HutongGames.PlayMaker.FsmState,System.String,System.String)"/>
        </member>
        <member name="M:Core.FsmUtil.FsmUtil.AddTransition(HutongGames.PlayMaker.FsmState,System.String,System.String)">
            <inheritdoc cref="M:Core.FsmUtil.FsmUtil.AddTransition(HutongGames.PlayMaker.FsmState,System.String,System.String)"/>
        </member>
        <member name="M:Core.FsmUtil.FsmUtil.AddFsmTransition(HutongGames.PlayMaker.FsmState,System.String,System.String)">
            <inheritdoc cref="M:Core.FsmUtil.FsmUtil.AddTransition(HutongGames.PlayMaker.FsmState,System.String,System.String)"/>
        </member>
        <member name="M:Core.FsmUtil.FsmUtil.AddGlobalTransition(PlayMakerFSM,System.String,System.String)">
            <summary>
                Adds a global transition in a PlayMakerFSM.
            </summary>
            <param name="fsm">The fsm</param>
            <param name="globalEventName">The name of transition event</param>
            <param name="toState">The name of the new state</param>
            <returns>The event of the transition</returns>
        </member>
        <member name="M:Core.FsmUtil.FsmUtil.AddFsmGlobalTransitions(PlayMakerFSM,System.String,System.String)">
            <inheritdoc cref="M:Core.FsmUtil.FsmUtil.AddGlobalTransition(PlayMakerFSM,System.String,System.String)"/>
        </member>
        <member name="M:Core.FsmUtil.FsmUtil.AddAction(PlayMakerFSM,System.String,HutongGames.PlayMaker.FsmStateAction)">
            <summary>
                Adds an action in a PlayMakerFSM.
            </summary>
            <param name="fsm">The fsm</param>
            <param name="stateName">The name of the state in which the action is added</param>
            <param name="action">The action</param>
        </member>
        <member name="M:Core.FsmUtil.FsmUtil.AddFsmAction(PlayMakerFSM,System.String,HutongGames.PlayMaker.FsmStateAction)">
            <inheritdoc cref="M:Core.FsmUtil.FsmUtil.AddAction(PlayMakerFSM,System.String,HutongGames.PlayMaker.FsmStateAction)"/>
        </member>
        <member name="M:Core.FsmUtil.FsmUtil.AddAction(HutongGames.PlayMaker.FsmState,HutongGames.PlayMaker.FsmStateAction)">
            <inheritdoc cref="M:Core.FsmUtil.FsmUtil.AddAction(PlayMakerFSM,System.String,HutongGames.PlayMaker.FsmStateAction)"/>
            <param name="state">The fsm state</param>
            <param name="action">The action</param>
        </member>
        <member name="M:Core.FsmUtil.FsmUtil.AddFsmAction(HutongGames.PlayMaker.FsmState,HutongGames.PlayMaker.FsmStateAction)">
            <inheritdoc cref="M:Core.FsmUtil.FsmUtil.AddAction(HutongGames.PlayMaker.FsmState,HutongGames.PlayMaker.FsmStateAction)"/>
        </member>
        <member name="M:Core.FsmUtil.FsmUtil.AddMethod(PlayMakerFSM,System.String,System.Action)">
            <summary>
                Adds a method in a PlayMakerFSM.
            </summary>
            <param name="fsm">The fsm</param>
            <param name="stateName">The name of the state in which the method is added</param>
            <param name="method">The method that will be invoked</param>
        </member>
        <member name="M:Core.FsmUtil.FsmUtil.AddFsmMethod(PlayMakerFSM,System.String,System.Action)">
            <inheritdoc cref="M:Core.FsmUtil.FsmUtil.AddMethod(PlayMakerFSM,System.String,System.Action)"/>
        </member>
        <member name="M:Core.FsmUtil.FsmUtil.AddMethod(HutongGames.PlayMaker.FsmState,System.Action)">
            <inheritdoc cref="M:Core.FsmUtil.FsmUtil.AddMethod(PlayMakerFSM,System.String,System.Action)"/>
            <param name="state">The fsm state</param>
            <param name="method">The method that will be invoked</param>
        </member>
        <member name="M:Core.FsmUtil.FsmUtil.AddFsmMethod(HutongGames.PlayMaker.FsmState,System.Action)">
            <inheritdoc cref="M:Core.FsmUtil.FsmUtil.AddMethod(HutongGames.PlayMaker.FsmState,System.Action)"/>
        </member>
        <member name="M:Core.FsmUtil.FsmUtil.AddMethod``1(PlayMakerFSM,System.String,System.Action{``0},``0)">
            <summary>
                Adds a method with a parameter in a PlayMakerFSM.
            </summary>
            <typeparam name="TArg">The type of the parameter of the function</typeparam>
            <param name="fsm">The fsm</param>
            <param name="stateName">The name of the state in which the method is added</param>
            <param name="method">The method that will be invoked</param>
            <param name="arg">The argument for the method</param>
        </member>
        <member name="M:Core.FsmUtil.FsmUtil.AddFsmMethod``1(PlayMakerFSM,System.String,System.Action{``0},``0)">
            <inheritdoc cref="M:Core.FsmUtil.FsmUtil.AddMethod``1(PlayMakerFSM,System.String,System.Action{``0},``0)"/>
        </member>
        <member name="M:Core.FsmUtil.FsmUtil.AddMethod``1(HutongGames.PlayMaker.FsmState,System.Action{``0},``0)">
            <inheritdoc cref="M:Core.FsmUtil.FsmUtil.AddMethod``1(PlayMakerFSM,System.String,System.Action{``0},``0)"/>
            <param name="state">The fsm state</param>
            <param name="method">The method that will be invoked</param>
            <param name="arg">The argument for the method</param>
        </member>
        <member name="M:Core.FsmUtil.FsmUtil.AddFsmMethod``1(HutongGames.PlayMaker.FsmState,System.Action{``0},``0)">
            <inheritdoc cref="M:Core.FsmUtil.FsmUtil.AddMethod``1(HutongGames.PlayMaker.FsmState,System.Action{``0},``0)"/>
        </member>
        <member name="M:Core.FsmUtil.FsmUtil.InsertAction(PlayMakerFSM,System.String,HutongGames.PlayMaker.FsmStateAction,System.Int32)">
            <summary>
                Inserts an action in a PlayMakerFSM.  
                Trying to insert an action out of bounds will cause a `ArgumentOutOfRangeException`.
            </summary>
            <param name="fsm">The fsm</param>
            <param name="stateName">The name of the state in which the action is added</param>
            <param name="action">The action</param>
            <param name="index">The index to place the action in</param>
            <returns>bool that indicates whether the insertion was successful</returns>
        </member>
        <member name="M:Core.FsmUtil.FsmUtil.InsertFsmAction(PlayMakerFSM,System.String,HutongGames.PlayMaker.FsmStateAction,System.Int32)">
            <inheritdoc cref="M:Core.FsmUtil.FsmUtil.InsertAction(PlayMakerFSM,System.String,HutongGames.PlayMaker.FsmStateAction,System.Int32)"/>
        </member>
        <member name="M:Core.FsmUtil.FsmUtil.InsertAction(HutongGames.PlayMaker.FsmState,HutongGames.PlayMaker.FsmStateAction,System.Int32)">
            <inheritdoc cref="M:Core.FsmUtil.FsmUtil.InsertAction(PlayMakerFSM,System.String,HutongGames.PlayMaker.FsmStateAction,System.Int32)"/>
            <param name="state">The fsm state</param>
            <param name="action">The action</param>
            <param name="index">The index to place the action in</param>
        </member>
        <member name="M:Core.FsmUtil.FsmUtil.InsertFsmAction(HutongGames.PlayMaker.FsmState,HutongGames.PlayMaker.FsmStateAction,System.Int32)">
            <inheritdoc cref="M:Core.FsmUtil.FsmUtil.InsertAction(HutongGames.PlayMaker.FsmState,HutongGames.PlayMaker.FsmStateAction,System.Int32)"/>
        </member>
        <member name="M:Core.FsmUtil.FsmUtil.InsertMethod(PlayMakerFSM,System.String,System.Action,System.Int32)">
            <summary>
                Inserts a method in a PlayMakerFSM.
                Trying to insert a method out of bounds will cause a `ArgumentOutOfRangeException`.
            </summary>
            <param name="fsm">The fsm</param>
            <param name="stateName">The name of the state in which the method is added</param>
            <param name="method">The method that will be invoked</param>
            <param name="index">The index to place the action in</param>
            <returns>bool that indicates whether the insertion was successful</returns>
        </member>
        <member name="M:Core.FsmUtil.FsmUtil.InsertFsmMethod(PlayMakerFSM,System.String,System.Action,System.Int32)">
            <inheritdoc cref="M:Core.FsmUtil.FsmUtil.InsertMethod(PlayMakerFSM,System.String,System.Action,System.Int32)"/>
        </member>
        <member name="M:Core.FsmUtil.FsmUtil.InsertMethod(HutongGames.PlayMaker.FsmState,System.Action,System.Int32)">
            <inheritdoc cref="M:Core.FsmUtil.FsmUtil.InsertMethod(PlayMakerFSM,System.String,System.Action,System.Int32)"/>
            <param name="state">The fsm state</param>
            <param name="method">The method that will be invoked</param>
            <param name="index">The index to place the action in</param>
        </member>
        <member name="M:Core.FsmUtil.FsmUtil.InsertFsmMethod(HutongGames.PlayMaker.FsmState,System.Action,System.Int32)">
            <inheritdoc cref="M:Core.FsmUtil.FsmUtil.InsertMethod(HutongGames.PlayMaker.FsmState,System.Action,System.Int32)"/>
        </member>
        <member name="M:Core.FsmUtil.FsmUtil.InsertMethod``1(PlayMakerFSM,System.String,System.Action{``0},``0,System.Int32)">
            <summary>
                Inserts a method with a parameter in a PlayMakerFSM.
                Trying to insert a method out of bounds will cause a `ArgumentOutOfRangeException`.
            </summary>
            <typeparam name="TArg">The type of the parameter of the function</typeparam>
            <param name="fsm">The fsm</param>
            <param name="stateName">The name of the state in which the method is added</param>
            <param name="method">The method that will be invoked</param>
            <param name="arg">The argument for the method</param>
            <param name="index">The index to place the action in</param>
            <returns>bool that indicates whether the insertion was successful</returns>
        </member>
        <member name="M:Core.FsmUtil.FsmUtil.InsertFsmMethod``1(PlayMakerFSM,System.String,System.Action{``0},``0,System.Int32)">
            <inheritdoc cref="M:Core.FsmUtil.FsmUtil.InsertMethod``1(PlayMakerFSM,System.String,System.Action{``0},``0,System.Int32)"/>
        </member>
        <member name="M:Core.FsmUtil.FsmUtil.InsertMethod``1(HutongGames.PlayMaker.FsmState,System.Action{``0},``0,System.Int32)">
            <inheritdoc cref="M:Core.FsmUtil.FsmUtil.InsertMethod``1(PlayMakerFSM,System.String,System.Action{``0},``0,System.Int32)"/>
            <param name="state">The fsm state</param>
            <param name="method">The method that will be invoked</param>
            <param name="arg">The argument for the method</param>
            <param name="index">The index to place the action in</param>
        </member>
        <member name="M:Core.FsmUtil.FsmUtil.InsertFsmMethod``1(HutongGames.PlayMaker.FsmState,System.Action{``0},``0,System.Int32)">
            <inheritdoc cref="M:Core.FsmUtil.FsmUtil.InsertMethod``1(HutongGames.PlayMaker.FsmState,System.Action{``0},``0,System.Int32)"/>
        </member>
        <member name="M:Core.FsmUtil.FsmUtil.ReplaceAction(PlayMakerFSM,System.String,HutongGames.PlayMaker.FsmStateAction,System.Int32)">
            <summary>
                Replaces an action in a PlayMakerFSM.
            </summary>
            <param name="fsm">The fsm</param>
            <param name="stateName">The name of the state in which the action is replaced</param>
            <param name="action">The action</param>
            <param name="index">The index of the action</param>
        </member>
        <member name="M:Core.FsmUtil.FsmUtil.ReplaceFsmAction(PlayMakerFSM,System.String,HutongGames.PlayMaker.FsmStateAction,System.Int32)">
            <inheritdoc cref="M:Core.FsmUtil.FsmUtil.ReplaceAction(PlayMakerFSM,System.String,HutongGames.PlayMaker.FsmStateAction,System.Int32)"/>
        </member>
        <member name="M:Core.FsmUtil.FsmUtil.ReplaceAction(HutongGames.PlayMaker.FsmState,HutongGames.PlayMaker.FsmStateAction,System.Int32)">
            <summary>
                Replaces an action in a PlayMakerFSM state.
            </summary>
            <param name="state">The state in which the action is replaced</param>
            <param name="action">The action</param>
            <param name="index">The index of the action</param>
        </member>
        <member name="M:Core.FsmUtil.FsmUtil.ReplaceFsmAction(HutongGames.PlayMaker.FsmState,HutongGames.PlayMaker.FsmStateAction,System.Int32)">
            <inheritdoc cref="M:Core.FsmUtil.FsmUtil.ReplaceAction(HutongGames.PlayMaker.FsmState,HutongGames.PlayMaker.FsmStateAction,System.Int32)"/>
        </member>
        <member name="M:Core.FsmUtil.FsmUtil.ReplaceAllActions(PlayMakerFSM,System.String,HutongGames.PlayMaker.FsmStateAction[])">
            <summary>
                Replaces all actions in a PlayMakerFSM state.
            </summary>
            <param name="fsm">The fsm</param>
            <param name="stateName">The name of the state in which the actions are to be replaced</param>
            <param name="actions">The new actions of the state</param>
        </member>
        <member name="M:Core.FsmUtil.FsmUtil.ReplaceAllFsmActions(PlayMakerFSM,System.String,HutongGames.PlayMaker.FsmStateAction[])">
            <inheritdoc cref="M:Core.FsmUtil.FsmUtil.ReplaceAllActions(PlayMakerFSM,System.String,HutongGames.PlayMaker.FsmStateAction[])"/>
        </member>
        <member name="M:Core.FsmUtil.FsmUtil.ReplaceAllActions(HutongGames.PlayMaker.FsmState,HutongGames.PlayMaker.FsmStateAction[])">
            <summary>
                Replaces all actions in a PlayMakerFSM state.
            </summary>
            <param name="state">The fsm state</param>
            <param name="actions">The action</param>
        </member>
        <member name="M:Core.FsmUtil.FsmUtil.ReplaceAllFsmActions(HutongGames.PlayMaker.FsmState,HutongGames.PlayMaker.FsmStateAction[])">
            <inheritdoc cref="M:Core.FsmUtil.FsmUtil.ReplaceAllActions(HutongGames.PlayMaker.FsmState,HutongGames.PlayMaker.FsmStateAction[])"/>
        </member>
        <member name="M:Core.FsmUtil.FsmUtil.ChangeTransition(PlayMakerFSM,System.String,System.String,System.String)">
            <summary>
                Changes a transition endpoint in a PlayMakerFSM.
            </summary>
            <param name="fsm">The fsm</param>
            <param name="stateName">The name of the state from which the transition starts</param>
            <param name="eventName">The event of the transition</param>
            <param name="toState">The new endpoint of the transition</param>
            <returns>bool that indicates whether the change was successful</returns>
        </member>
        <member name="M:Core.FsmUtil.FsmUtil.ChangeFsmTransition(PlayMakerFSM,System.String,System.String,System.String)">
            <inheritdoc cref="M:Core.FsmUtil.FsmUtil.ChangeTransition(PlayMakerFSM,System.String,System.String,System.String)"/>
        </member>
        <member name="M:Core.FsmUtil.FsmUtil.ChangeTransition(HutongGames.PlayMaker.FsmState,System.String,System.String)">
            <inheritdoc cref="M:Core.FsmUtil.FsmUtil.ChangeTransition(PlayMakerFSM,System.String,System.String,System.String)"/>
            <param name="state">The fsm state</param>
            <param name="eventName">The event of the transition</param>
            <param name="toState">The new endpoint of the transition</param>
        </member>
        <member name="M:Core.FsmUtil.FsmUtil.ChangeFsmTransition(HutongGames.PlayMaker.FsmState,System.String,System.String)">
            <inheritdoc cref="M:Core.FsmUtil.FsmUtil.ChangeTransition(HutongGames.PlayMaker.FsmState,System.String,System.String)"/>
        </member>
        <member name="M:Core.FsmUtil.FsmUtil.RemoveState(PlayMakerFSM,System.String)">
            <summary>
                Removes a state in a PlayMakerFSM.  
                Trying to remove a state that doesn't exist will result in the states not being changed.
            </summary>
            <param name="fsm">The fsm</param>
            <param name="stateName">The name of the state to remove</param>
        </member>
        <member name="M:Core.FsmUtil.FsmUtil.RemoveFsmState(PlayMakerFSM,System.String)">
            <inheritdoc cref="M:Core.FsmUtil.FsmUtil.RemoveState(PlayMakerFSM,System.String)"/>
        </member>
        <member name="M:Core.FsmUtil.FsmUtil.RemoveTransition(PlayMakerFSM,System.String,System.String)">
            <summary>
                Removes a transition in a PlayMakerFSM.  
                Trying to remove a transition that doesn't exist will result in the transitions not being changed.
            </summary>
            <param name="fsm">The fsm</param>
            <param name="stateName">The name of the state from which the transition starts</param>
            <param name="eventName">The event of the transition</param>
        </member>
        <member name="M:Core.FsmUtil.FsmUtil.RemoveFsmTransition(PlayMakerFSM,System.String,System.String)">
            <inheritdoc cref="M:Core.FsmUtil.FsmUtil.RemoveTransition(PlayMakerFSM,System.String,System.String)"/>
        </member>
        <member name="M:Core.FsmUtil.FsmUtil.RemoveTransition(HutongGames.PlayMaker.FsmState,System.String)">
            <inheritdoc cref="M:Core.FsmUtil.FsmUtil.RemoveTransition(PlayMakerFSM,System.String,System.String)"/>
            <param name="state">The fsm state</param>
            <param name="eventName">The event of the transition</param>
        </member>
        <member name="M:Core.FsmUtil.FsmUtil.RemoveFsmTransition(HutongGames.PlayMaker.FsmState,System.String)">
            <inheritdoc cref="M:Core.FsmUtil.FsmUtil.RemoveTransition(HutongGames.PlayMaker.FsmState,System.String)"/>
        </member>
        <member name="M:Core.FsmUtil.FsmUtil.RemoveTransitionsTo(PlayMakerFSM,System.String)">
            <summary>
                Removes all transitions to a specified transition in a PlayMakerFSM.  
                Trying to remove a transition that doesn't exist will result in the transitions not being changed.
            </summary>
            <param name="fsm">The fsm</param>
            <param name="toState">The target of the transition</param>
        </member>
        <member name="M:Core.FsmUtil.FsmUtil.RemoveFsmTransitionsTo(PlayMakerFSM,System.String)">
            <inheritdoc cref="M:Core.FsmUtil.FsmUtil.RemoveTransitionsTo(PlayMakerFSM,System.String)"/>
        </member>
        <member name="M:Core.FsmUtil.FsmUtil.RemoveTransitionsTo(PlayMakerFSM,System.String,System.String)">
            <summary>
                Removes all transitions from a state to another specified state in a PlayMakerFSM.  
                Trying to remove a transition that doesn't exist will result in the transitions not being changed.
            </summary>
            <param name="fsm">The fsm</param>
            <param name="stateName">The name of the state from which the transition starts</param>
            <param name="toState">The target of the transition</param>
        </member>
        <member name="M:Core.FsmUtil.FsmUtil.RemoveFsmTransitionsTo(PlayMakerFSM,System.String,System.String)">
            <inheritdoc cref="M:Core.FsmUtil.FsmUtil.RemoveTransitionsTo(PlayMakerFSM,System.String,System.String)"/>
        </member>
        <member name="M:Core.FsmUtil.FsmUtil.RemoveTransitionsTo(HutongGames.PlayMaker.FsmState,System.String)">
            <inheritdoc cref="M:Core.FsmUtil.FsmUtil.RemoveTransitionsTo(PlayMakerFSM,System.String,System.String)"/>
            <param name="state">The fsm state</param>
            <param name="toState">The event of the transition</param>
        </member>
        <member name="M:Core.FsmUtil.FsmUtil.RemoveFsmTransitionsTo(HutongGames.PlayMaker.FsmState,System.String)">
            <inheritdoc cref="M:Core.FsmUtil.FsmUtil.RemoveTransitionsTo(HutongGames.PlayMaker.FsmState,System.String)"/>
        </member>
        <member name="M:Core.FsmUtil.FsmUtil.RemoveTransitions(PlayMakerFSM,System.String)">
            <summary>
                Removes all transitions from a state in a PlayMakerFSM.
            </summary>
            <param name="fsm">The fsm</param>
            <param name="stateName">The name of the state from which the transition starts</param>
        </member>
        <member name="M:Core.FsmUtil.FsmUtil.RemoveFsmTransitions(PlayMakerFSM,System.String)">
            <inheritdoc cref="M:Core.FsmUtil.FsmUtil.RemoveTransitions(PlayMakerFSM,System.String)"/>
        </member>
        <member name="M:Core.FsmUtil.FsmUtil.RemoveTransitions(HutongGames.PlayMaker.FsmState)">
            <inheritdoc cref="M:Core.FsmUtil.FsmUtil.RemoveTransitions(PlayMakerFSM,System.String)"/>
            <param name="state">The fsm state</param>
        </member>
        <member name="M:Core.FsmUtil.FsmUtil.RemoveFsmTransitions(HutongGames.PlayMaker.FsmState)">
            <inheritdoc cref="M:Core.FsmUtil.FsmUtil.RemoveTransitions(HutongGames.PlayMaker.FsmState)"/>
        </member>
        <member name="M:Core.FsmUtil.FsmUtil.RemoveAction(PlayMakerFSM,System.String,System.Int32)">
            <summary>
                Removes an action in a PlayMakerFSM.  
                Trying to remove an action that doesn't exist will result in the actions not being changed.
            </summary>
            <param name="fsm">The fsm</param>
            <param name="stateName">The name of the state with the action</param>
            <param name="index">The index of the action</param>
        </member>
        <member name="M:Core.FsmUtil.FsmUtil.RemoveFsmAction(PlayMakerFSM,System.String,System.Int32)">
            <inheritdoc cref="M:Core.FsmUtil.FsmUtil.RemoveAction(PlayMakerFSM,System.String,System.Int32)"/>
        </member>
        <member name="M:Core.FsmUtil.FsmUtil.RemoveAction(HutongGames.PlayMaker.FsmState,System.Int32)">
            <inheritdoc cref="M:Core.FsmUtil.FsmUtil.RemoveAction(PlayMakerFSM,System.String,System.Int32)"/>
            <param name="state">The fsm state</param>
            <param name="index">The index of the action</param>
        </member>
        <member name="M:Core.FsmUtil.FsmUtil.RemoveFsmAction(HutongGames.PlayMaker.FsmState,System.Int32)">
            <inheritdoc cref="M:Core.FsmUtil.FsmUtil.RemoveAction(HutongGames.PlayMaker.FsmState,System.Int32)"/>
        </member>
        <member name="M:Core.FsmUtil.FsmUtil.RemoveActionsOfType``1(PlayMakerFSM)">
            <summary>
                Removes all actions of a given type in a PlayMakerFSM.
            </summary>
            <typeparam name="TAction">The type of actions to remove</typeparam>
            <param name="fsm">The fsm</param>
        </member>
        <member name="M:Core.FsmUtil.FsmUtil.RemoveFsmActionsOfType``1(PlayMakerFSM)">
            <inheritdoc cref="M:Core.FsmUtil.FsmUtil.RemoveActionsOfType``1(PlayMakerFSM)"/>
        </member>
        <member name="M:Core.FsmUtil.FsmUtil.RemoveActionsOfType``1(PlayMakerFSM,System.String)">
            <summary>
                Removes all actions of a given type in an FsmState.  
            </summary>
            <typeparam name="TAction">The type of actions to remove</typeparam>
            <param name="fsm">The fsm</param>
            <param name="stateName">The name of the state to remove the actions from</param>
        </member>
        <member name="M:Core.FsmUtil.FsmUtil.RemoveFsmActionsOfType``1(PlayMakerFSM,System.String)">
            <inheritdoc cref="M:Core.FsmUtil.FsmUtil.RemoveActionsOfType``1(PlayMakerFSM,System.String)"/>
        </member>
        <member name="M:Core.FsmUtil.FsmUtil.RemoveActionsOfType``1(HutongGames.PlayMaker.FsmState)">
            <inheritdoc cref="M:Core.FsmUtil.FsmUtil.RemoveActionsOfType``1(PlayMakerFSM,System.String)"/>
            <param name="state">The fsm state</param>
        </member>
        <member name="M:Core.FsmUtil.FsmUtil.RemoveFsmActionsOfType``1(HutongGames.PlayMaker.FsmState)">
            <inheritdoc cref="M:Core.FsmUtil.FsmUtil.RemoveActionsOfType``1(HutongGames.PlayMaker.FsmState)"/>
        </member>
        <member name="M:Core.FsmUtil.FsmUtil.DisableAction(PlayMakerFSM,System.String,System.Int32)">
            <summary>
                Disables an action in a PlayMakerFSM.  
                Trying to disable an action that doesn't exist will result in the actions not being changed.
            </summary>
            <param name="fsm">The fsm</param>
            <param name="stateName">The name of the state with the action</param>
            <param name="index">The index of the action</param>
        </member>
        <member name="M:Core.FsmUtil.FsmUtil.DisableFsmAction(PlayMakerFSM,System.String,System.Int32)">
            <inheritdoc cref="M:Core.FsmUtil.FsmUtil.DisableAction(PlayMakerFSM,System.String,System.Int32)"/>
        </member>
        <member name="M:Core.FsmUtil.FsmUtil.DisableAction(HutongGames.PlayMaker.FsmState,System.Int32)">
            <inheritdoc cref="M:Core.FsmUtil.FsmUtil.DisableAction(PlayMakerFSM,System.String,System.Int32)"/>
            <param name="state">The fsm state</param>
            <param name="index">The index of the action</param>
        </member>
        <member name="M:Core.FsmUtil.FsmUtil.DisableFsmAction(HutongGames.PlayMaker.FsmState,System.Int32)">
            <inheritdoc cref="M:Core.FsmUtil.FsmUtil.DisableAction(HutongGames.PlayMaker.FsmState,System.Int32)"/>
        </member>
        <member name="M:Core.FsmUtil.FsmUtil.DisableActionsOfType``1(PlayMakerFSM)">
            <summary>
                Disables all actions of a given type in a PlayMakerFSM.
            </summary>
            <typeparam name="TAction">The type of actions to disable</typeparam>
            <param name="fsm">The fsm</param>
        </member>
        <member name="M:Core.FsmUtil.FsmUtil.DisableFsmActionsOfType``1(PlayMakerFSM)">
            <inheritdoc cref="M:Core.FsmUtil.FsmUtil.DisableActionsOfType``1(PlayMakerFSM)"/>
        </member>
        <member name="M:Core.FsmUtil.FsmUtil.DisableActionsOfType``1(PlayMakerFSM,System.String)">
            <summary>
                Disables all actions of a given type in an FsmState.  
            </summary>
            <typeparam name="TAction">The type of actions to disable</typeparam>
            <param name="fsm">The fsm</param>
            <param name="stateName">The name of the state to disable the actions from</param>
        </member>
        <member name="M:Core.FsmUtil.FsmUtil.DisableFsmActionsOfType``1(PlayMakerFSM,System.String)">
            <inheritdoc cref="M:Core.FsmUtil.FsmUtil.DisableActionsOfType``1(PlayMakerFSM,System.String)"/>
        </member>
        <member name="M:Core.FsmUtil.FsmUtil.DisableActionsOfType``1(HutongGames.PlayMaker.FsmState)">
            <inheritdoc cref="M:Core.FsmUtil.FsmUtil.DisableActionsOfType``1(PlayMakerFSM,System.String)"/>
            <param name="state">The fsm state</param>
        </member>
        <member name="M:Core.FsmUtil.FsmUtil.DisableFsmActionsOfType``1(HutongGames.PlayMaker.FsmState)">
            <inheritdoc cref="M:Core.FsmUtil.FsmUtil.DisableActionsOfType``1(HutongGames.PlayMaker.FsmState)"/>
        </member>
        <member name="M:Core.FsmUtil.FsmUtil.AddFloatVariable(PlayMakerFSM,System.String)">
            <summary>
                Adds a fsm variable in a PlayMakerFSM.
            </summary>
            <param name="fsm">The fsm</param>
            <param name="name">The name of the new variable</param>
            <returns>The newly created variable</returns>
        </member>
        <member name="M:Core.FsmUtil.FsmUtil.AddFsmFloatVariable(PlayMakerFSM,System.String)">
            <inheritdoc cref="M:Core.FsmUtil.FsmUtil.AddFloatVariable(PlayMakerFSM,System.String)"/>
        </member>
        <member name="M:Core.FsmUtil.FsmUtil.AddIntVariable(PlayMakerFSM,System.String)">
            <inheritdoc cref="M:Core.FsmUtil.FsmUtil.AddFloatVariable(PlayMakerFSM,System.String)"/>
        </member>
        <member name="M:Core.FsmUtil.FsmUtil.AddFsmIntVariable(PlayMakerFSM,System.String)">
            <inheritdoc cref="M:Core.FsmUtil.FsmUtil.AddFloatVariable(PlayMakerFSM,System.String)"/>
        </member>
        <member name="M:Core.FsmUtil.FsmUtil.AddBoolVariable(PlayMakerFSM,System.String)">
            <inheritdoc cref="M:Core.FsmUtil.FsmUtil.AddFloatVariable(PlayMakerFSM,System.String)"/>
        </member>
        <member name="M:Core.FsmUtil.FsmUtil.AddFsmBoolVariable(PlayMakerFSM,System.String)">
            <inheritdoc cref="M:Core.FsmUtil.FsmUtil.AddFloatVariable(PlayMakerFSM,System.String)"/>
        </member>
        <member name="M:Core.FsmUtil.FsmUtil.AddStringVariable(PlayMakerFSM,System.String)">
            <inheritdoc cref="M:Core.FsmUtil.FsmUtil.AddFloatVariable(PlayMakerFSM,System.String)"/>
        </member>
        <member name="M:Core.FsmUtil.FsmUtil.AddFsmStringVariable(PlayMakerFSM,System.String)">
            <inheritdoc cref="M:Core.FsmUtil.FsmUtil.AddFloatVariable(PlayMakerFSM,System.String)"/>
        </member>
        <member name="M:Core.FsmUtil.FsmUtil.AddVector2Variable(PlayMakerFSM,System.String)">
            <inheritdoc cref="M:Core.FsmUtil.FsmUtil.AddFloatVariable(PlayMakerFSM,System.String)"/>
        </member>
        <member name="M:Core.FsmUtil.FsmUtil.AddFsmVector2Variable(PlayMakerFSM,System.String)">
            <inheritdoc cref="M:Core.FsmUtil.FsmUtil.AddFloatVariable(PlayMakerFSM,System.String)"/>
        </member>
        <member name="M:Core.FsmUtil.FsmUtil.AddVector3Variable(PlayMakerFSM,System.String)">
            <inheritdoc cref="M:Core.FsmUtil.FsmUtil.AddFloatVariable(PlayMakerFSM,System.String)"/>
        </member>
        <member name="M:Core.FsmUtil.FsmUtil.AddFsmVector3Variable(PlayMakerFSM,System.String)">
            <inheritdoc cref="M:Core.FsmUtil.FsmUtil.AddFloatVariable(PlayMakerFSM,System.String)"/>
        </member>
        <member name="M:Core.FsmUtil.FsmUtil.AddColorVariable(PlayMakerFSM,System.String)">
            <inheritdoc cref="M:Core.FsmUtil.FsmUtil.AddFloatVariable(PlayMakerFSM,System.String)"/>
        </member>
        <member name="M:Core.FsmUtil.FsmUtil.AddFsmColorVariable(PlayMakerFSM,System.String)">
            <inheritdoc cref="M:Core.FsmUtil.FsmUtil.AddFloatVariable(PlayMakerFSM,System.String)"/>
        </member>
        <member name="M:Core.FsmUtil.FsmUtil.AddRectVariable(PlayMakerFSM,System.String)">
            <inheritdoc cref="M:Core.FsmUtil.FsmUtil.AddFloatVariable(PlayMakerFSM,System.String)"/>
        </member>
        <member name="M:Core.FsmUtil.FsmUtil.AddFsmRectVariable(PlayMakerFSM,System.String)">
            <inheritdoc cref="M:Core.FsmUtil.FsmUtil.AddFloatVariable(PlayMakerFSM,System.String)"/>
        </member>
        <member name="M:Core.FsmUtil.FsmUtil.AddQuaternionVariable(PlayMakerFSM,System.String)">
            <inheritdoc cref="M:Core.FsmUtil.FsmUtil.AddFloatVariable(PlayMakerFSM,System.String)"/>
        </member>
        <member name="M:Core.FsmUtil.FsmUtil.AddFsmQuaternionVariable(PlayMakerFSM,System.String)">
            <inheritdoc cref="M:Core.FsmUtil.FsmUtil.AddFloatVariable(PlayMakerFSM,System.String)"/>
        </member>
        <member name="M:Core.FsmUtil.FsmUtil.AddGameObjectVariable(PlayMakerFSM,System.String)">
            <inheritdoc cref="M:Core.FsmUtil.FsmUtil.AddFloatVariable(PlayMakerFSM,System.String)"/>
        </member>
        <member name="M:Core.FsmUtil.FsmUtil.AddFsmGameObjectVariable(PlayMakerFSM,System.String)">
            <inheritdoc cref="M:Core.FsmUtil.FsmUtil.AddFloatVariable(PlayMakerFSM,System.String)"/>
        </member>
        <member name="M:Core.FsmUtil.FsmUtil.FindFloatVariable(PlayMakerFSM,System.String)">
            <summary>
                Finds a fsm variable in a PlayMakerFSM.
            </summary>
            <param name="fsm">The fsm</param>
            <param name="name">The name of the variable</param>
            <returns>The variable, null if not found</returns>
        </member>
        <member name="M:Core.FsmUtil.FsmUtil.FindFsmFloatVariable(PlayMakerFSM,System.String)">
            <inheritdoc cref="M:Core.FsmUtil.FsmUtil.FindFloatVariable(PlayMakerFSM,System.String)"/>
        </member>
        <member name="M:Core.FsmUtil.FsmUtil.FindIntVariable(PlayMakerFSM,System.String)">
            <inheritdoc cref="M:Core.FsmUtil.FsmUtil.FindFloatVariable(PlayMakerFSM,System.String)"/>
        </member>
        <member name="M:Core.FsmUtil.FsmUtil.FindFsmIntVariable(PlayMakerFSM,System.String)">
            <inheritdoc cref="M:Core.FsmUtil.FsmUtil.FindFloatVariable(PlayMakerFSM,System.String)"/>
        </member>
        <member name="M:Core.FsmUtil.FsmUtil.FindBoolVariable(PlayMakerFSM,System.String)">
            <inheritdoc cref="M:Core.FsmUtil.FsmUtil.FindFloatVariable(PlayMakerFSM,System.String)"/>
        </member>
        <member name="M:Core.FsmUtil.FsmUtil.FindFsmBoolVariable(PlayMakerFSM,System.String)">
            <inheritdoc cref="M:Core.FsmUtil.FsmUtil.FindFloatVariable(PlayMakerFSM,System.String)"/>
        </member>
        <member name="M:Core.FsmUtil.FsmUtil.FindStringVariable(PlayMakerFSM,System.String)">
            <inheritdoc cref="M:Core.FsmUtil.FsmUtil.FindFloatVariable(PlayMakerFSM,System.String)"/>
        </member>
        <member name="M:Core.FsmUtil.FsmUtil.FindFsmStringVariable(PlayMakerFSM,System.String)">
            <inheritdoc cref="M:Core.FsmUtil.FsmUtil.FindFloatVariable(PlayMakerFSM,System.String)"/>
        </member>
        <member name="M:Core.FsmUtil.FsmUtil.FindVector2Variable(PlayMakerFSM,System.String)">
            <inheritdoc cref="M:Core.FsmUtil.FsmUtil.FindFloatVariable(PlayMakerFSM,System.String)"/>
        </member>
        <member name="M:Core.FsmUtil.FsmUtil.FindFsmVector2Variable(PlayMakerFSM,System.String)">
            <inheritdoc cref="M:Core.FsmUtil.FsmUtil.FindFloatVariable(PlayMakerFSM,System.String)"/>
        </member>
        <member name="M:Core.FsmUtil.FsmUtil.FindVector3Variable(PlayMakerFSM,System.String)">
            <inheritdoc cref="M:Core.FsmUtil.FsmUtil.FindFloatVariable(PlayMakerFSM,System.String)"/>
        </member>
        <member name="M:Core.FsmUtil.FsmUtil.FindFsmVector3Variable(PlayMakerFSM,System.String)">
            <inheritdoc cref="M:Core.FsmUtil.FsmUtil.FindFloatVariable(PlayMakerFSM,System.String)"/>
        </member>
        <member name="M:Core.FsmUtil.FsmUtil.FindColorVariable(PlayMakerFSM,System.String)">
            <inheritdoc cref="M:Core.FsmUtil.FsmUtil.FindFloatVariable(PlayMakerFSM,System.String)"/>
        </member>
        <member name="M:Core.FsmUtil.FsmUtil.FindFsmColorVariable(PlayMakerFSM,System.String)">
            <inheritdoc cref="M:Core.FsmUtil.FsmUtil.FindFloatVariable(PlayMakerFSM,System.String)"/>
        </member>
        <member name="M:Core.FsmUtil.FsmUtil.FindRectVariable(PlayMakerFSM,System.String)">
            <inheritdoc cref="M:Core.FsmUtil.FsmUtil.FindFloatVariable(PlayMakerFSM,System.String)"/>
        </member>
        <member name="M:Core.FsmUtil.FsmUtil.FindFsmRectVariable(PlayMakerFSM,System.String)">
            <inheritdoc cref="M:Core.FsmUtil.FsmUtil.FindFloatVariable(PlayMakerFSM,System.String)"/>
        </member>
        <member name="M:Core.FsmUtil.FsmUtil.FindQuaternionVariable(PlayMakerFSM,System.String)">
            <inheritdoc cref="M:Core.FsmUtil.FsmUtil.FindFloatVariable(PlayMakerFSM,System.String)"/>
        </member>
        <member name="M:Core.FsmUtil.FsmUtil.FindFsmQuaternionVariable(PlayMakerFSM,System.String)">
            <inheritdoc cref="M:Core.FsmUtil.FsmUtil.FindFloatVariable(PlayMakerFSM,System.String)"/>
        </member>
        <member name="M:Core.FsmUtil.FsmUtil.FindGameObjectVariable(PlayMakerFSM,System.String)">
            <inheritdoc cref="M:Core.FsmUtil.FsmUtil.FindFloatVariable(PlayMakerFSM,System.String)"/>
        </member>
        <member name="M:Core.FsmUtil.FsmUtil.FindFsmGameObjectVariable(PlayMakerFSM,System.String)">
            <inheritdoc cref="M:Core.FsmUtil.FsmUtil.FindFloatVariable(PlayMakerFSM,System.String)"/>
        </member>
        <member name="M:Core.FsmUtil.FsmUtil.GetFloatVariable(PlayMakerFSM,System.String)">
            <summary>
                Gets a fsm variable in a PlayMakerFSM. Creates a new one if none with the name are present.
            </summary>
            <param name="fsm">The fsm</param>
            <param name="name">The name of the variable</param>
            <returns>The variable</returns>
        </member>
        <member name="M:Core.FsmUtil.FsmUtil.GetFsmFloatVariable(PlayMakerFSM,System.String)">
            <inheritdoc cref="M:Core.FsmUtil.FsmUtil.GetFloatVariable(PlayMakerFSM,System.String)"/>
        </member>
        <member name="M:Core.FsmUtil.FsmUtil.GetIntVariable(PlayMakerFSM,System.String)">
            <inheritdoc cref="M:Core.FsmUtil.FsmUtil.GetFloatVariable(PlayMakerFSM,System.String)"/>
        </member>
        <member name="M:Core.FsmUtil.FsmUtil.GetFsmIntVariable(PlayMakerFSM,System.String)">
            <inheritdoc cref="M:Core.FsmUtil.FsmUtil.GetFloatVariable(PlayMakerFSM,System.String)"/>
        </member>
        <member name="M:Core.FsmUtil.FsmUtil.GetBoolVariable(PlayMakerFSM,System.String)">
            <inheritdoc cref="M:Core.FsmUtil.FsmUtil.GetFloatVariable(PlayMakerFSM,System.String)"/>
        </member>
        <member name="M:Core.FsmUtil.FsmUtil.GetFsmBoolVariable(PlayMakerFSM,System.String)">
            <inheritdoc cref="M:Core.FsmUtil.FsmUtil.GetFloatVariable(PlayMakerFSM,System.String)"/>
        </member>
        <member name="M:Core.FsmUtil.FsmUtil.GetStringVariable(PlayMakerFSM,System.String)">
            <inheritdoc cref="M:Core.FsmUtil.FsmUtil.GetFloatVariable(PlayMakerFSM,System.String)"/>
        </member>
        <member name="M:Core.FsmUtil.FsmUtil.GetFsmStringVariable(PlayMakerFSM,System.String)">
            <inheritdoc cref="M:Core.FsmUtil.FsmUtil.GetFloatVariable(PlayMakerFSM,System.String)"/>
        </member>
        <member name="M:Core.FsmUtil.FsmUtil.GetVector2Variable(PlayMakerFSM,System.String)">
            <inheritdoc cref="M:Core.FsmUtil.FsmUtil.GetFloatVariable(PlayMakerFSM,System.String)"/>
        </member>
        <member name="M:Core.FsmUtil.FsmUtil.GetFsmVector2Variable(PlayMakerFSM,System.String)">
            <inheritdoc cref="M:Core.FsmUtil.FsmUtil.GetFloatVariable(PlayMakerFSM,System.String)"/>
        </member>
        <member name="M:Core.FsmUtil.FsmUtil.GetVector3Variable(PlayMakerFSM,System.String)">
            <inheritdoc cref="M:Core.FsmUtil.FsmUtil.GetFloatVariable(PlayMakerFSM,System.String)"/>
        </member>
        <member name="M:Core.FsmUtil.FsmUtil.GetFsmVector3Variable(PlayMakerFSM,System.String)">
            <inheritdoc cref="M:Core.FsmUtil.FsmUtil.GetFloatVariable(PlayMakerFSM,System.String)"/>
        </member>
        <member name="M:Core.FsmUtil.FsmUtil.GetColorVariable(PlayMakerFSM,System.String)">
            <inheritdoc cref="M:Core.FsmUtil.FsmUtil.GetFloatVariable(PlayMakerFSM,System.String)"/>
        </member>
        <member name="M:Core.FsmUtil.FsmUtil.GetFsmColorVariable(PlayMakerFSM,System.String)">
            <inheritdoc cref="M:Core.FsmUtil.FsmUtil.GetFloatVariable(PlayMakerFSM,System.String)"/>
        </member>
        <member name="M:Core.FsmUtil.FsmUtil.GetRectVariable(PlayMakerFSM,System.String)">
            <inheritdoc cref="M:Core.FsmUtil.FsmUtil.GetFloatVariable(PlayMakerFSM,System.String)"/>
        </member>
        <member name="M:Core.FsmUtil.FsmUtil.GetFsmRectVariable(PlayMakerFSM,System.String)">
            <inheritdoc cref="M:Core.FsmUtil.FsmUtil.GetFloatVariable(PlayMakerFSM,System.String)"/>
        </member>
        <member name="M:Core.FsmUtil.FsmUtil.GetQuaternionVariable(PlayMakerFSM,System.String)">
            <inheritdoc cref="M:Core.FsmUtil.FsmUtil.GetFloatVariable(PlayMakerFSM,System.String)"/>
        </member>
        <member name="M:Core.FsmUtil.FsmUtil.GetFsmQuaternionVariable(PlayMakerFSM,System.String)">
            <inheritdoc cref="M:Core.FsmUtil.FsmUtil.GetFloatVariable(PlayMakerFSM,System.String)"/>
        </member>
        <member name="M:Core.FsmUtil.FsmUtil.GetGameObjectVariable(PlayMakerFSM,System.String)">
            <inheritdoc cref="M:Core.FsmUtil.FsmUtil.GetFloatVariable(PlayMakerFSM,System.String)"/>
        </member>
        <member name="M:Core.FsmUtil.FsmUtil.GetFsmGameObjectVariable(PlayMakerFSM,System.String)">
            <inheritdoc cref="M:Core.FsmUtil.FsmUtil.GetFloatVariable(PlayMakerFSM,System.String)"/>
        </member>
        <member name="M:Core.FsmUtil.FsmUtil.MakeLog(PlayMakerFSM,System.Boolean)">
            <summary>
                Adds actions to a PlayMakerFSM so it gives a log message before and after every single normal action.
            </summary>
            <param name="fsm">The fsm</param>
            <param name="additionalLogging">Flag if, additionally, every log should also log the state of all fsm variables</param>
        </member>
        <member name="M:Core.FsmUtil.FsmUtil.Log(PlayMakerFSM)">
            <summary>
                Logs the fsm and its states and transitions.
            </summary>
            <param name="fsm">The fsm</param>
        </member>
        <member name="T:Core.FsmUtil.Hooks">
            <summary>
                Class that handles special FSM hooks.
            </summary>
        </member>
        <member name="E:Core.FsmUtil.Hooks.PmFsmBeforeStartHook">
            <summary>
                Hook that gets called before `PlayMakerFSM.Start()` is called.
            </summary>
        </member>
        <member name="E:Core.FsmUtil.Hooks.PmFsmAfterOnEnableHook">
            <summary>
                Hook that gets called after `PlayMakerFSM.OnEnable()` is called.
            </summary>
        </member>
        <member name="M:Core.FsmUtil.Hooks.HookStateEntered(Core.FsmUtil.FSMData,System.Action{PlayMakerFSM})">
            <summary>
            Hook that gets called when a state is entered by any means (a transition, a global transition, or from Fsm.SetState)
            </summary>
            <param name="data">The data necessary to find the fsm to be edited</param>
            <param name="onStateEnter">The action that will be invoked when the state is entered, the parameter passed into the action is the fsm</param>
        </member>
        <member name="M:Core.FsmUtil.Hooks.HookStateExited(Core.FsmUtil.FSMData,System.Action{PlayMakerFSM})">
            <summary>
            Hook that gets called when a state is exited by any means (a transition, a global transition, or from Fsm.SetState)
            </summary>
            <param name="data">The data necessary to find the fsm to be edited</param>
            <param name="onStateExit">The action that will be invoked when the state is exited, the parameter passed into the action is the fsm</param>
        </member>
        <member name="M:Core.FsmUtil.Hooks.UnHookStateEntered(Core.FsmUtil.FSMData,System.Action{PlayMakerFSM})">
            <summary>
            Unhook your action from the hook that gets called when a state is entered by any means (a transition, a global transition, or from Fsm.SetState)
            </summary>
            <param name="data">The data necessary to find the fsm to be edited</param>
            <param name="onStateEnter">The action that will be removed</param>
        </member>
        <member name="M:Core.FsmUtil.Hooks.UnHookStateExited(Core.FsmUtil.FSMData,System.Action{PlayMakerFSM})">
            <summary>
            Unhook your action from the hook that gets called when a state is exited by any means (a transition, a global transition, or from Fsm.SetState)
            </summary>
            <param name="data">The data necessary to find the fsm to be edited</param>
            <param name="onStateExit">The action that will be removed</param>
        </member>
        <member name="M:Core.FsmUtil.Hooks.HookStateEnteredFromTransition(Core.FsmUtil.FSMData,System.Action{PlayMakerFSM,System.String})">
            <summary>
            Hook that gets called when a state is entered by a transition (could be global or local). The transition from which it happened is passed into the action. 
            </summary>
            <param name="data">The data necessary to find the fsm to be edited</param>
            <param name="onStateEnteredFromTransition">The action that will be invoked when the state is entered, the parameter passed into the action is the fsm and the transition from which the state enter happened</param>
        </member>
        <member name="M:Core.FsmUtil.Hooks.HookStateExitedViaTransition(Core.FsmUtil.FSMData,System.Action{PlayMakerFSM,System.String})">
            <summary>
            Hook that gets called when a state is exited via a transition (could be global or local). The transition from which it happened is passed into the action.
            </summary>
            <param name="data">The data necessary to find the fsm to be edited</param>
            <param name="onStateExitViaTransition">The action that will be invoked when the state is exited, the parameter passed into the action is the fsm and the transition from which the state exit happened</param>
        </member>
        <member name="M:Core.FsmUtil.Hooks.UnHookStateEnteredFromTransitionedFromTransition(Core.FsmUtil.FSMData,System.Action{PlayMakerFSM,System.String})">
            <summary>
            Unhook your action from the hook that gets called when a state is entered by a transition (could be global or local)
            </summary>
            <param name="data">The data necessary to find the fsm to be edited</param>
            <param name="onStateEnteredFromTransition">The action that will be removed</param>
        </member>
        <member name="M:Core.FsmUtil.Hooks.UnHookStateExitedViaTransition(Core.FsmUtil.FSMData,System.Action{PlayMakerFSM,System.String})">
            <summary>
            Unhook your action from the hook that gets called when a state is exited via a transition (could be global or local)
            </summary>
            <param name="data">The data necessary to find the fsm to be edited</param>
            <param name="onStateExitViaTransition">The action that will be removed</param>
        </member>
    </members>
</doc>
