﻿[
  {
    "name": "PANTHEON OF THE MASTER",
    "number": 1,
    "bosses": [
      {
        "key": "VENGEFLY",
        "name": "Vengefly King",
        "scene": "GG_Vengefly"
      },
      {
        "key": "BIGFLY",
        "name": "Gruz Mother",
        "scene": "GG_Gruz_Mother"
      },
      {
        "key": "FALSE_KNIGHT",
        "name": "False Knight",
        "scene": "GG_False_Knight"
      },
      {
        "key": "MEGA_MOSS",
        "name": "Massive Moss Charger",
        "scene": "GG_Mega_Moss_Charger"
      },
      {
        "key": "NAME_HORNET_1",
        "name": "Hornet (Protector)",
        "scene": "GG_Hornet_1"
      },
      {
        "key": "GH_ALADAR_NC",
        "name": "Gorb",
        "scene": "GG_Ghost_Gorb"
      },
      {
        "key": "DUNG_DEFENDER",
        "name": "Dung Defender",
        "scene": "GG_Dung_Defender"
      },
      {
        "key": "MAGE_KNIGHT",
        "name": "Soul Warrior",
        "scene": "GG_Mage_Knight"
      },
      {
        "key": "MAWLEK",
        "name": "Brooding Mawlek",
        "scene": "GG_Brooding_Mawlek"
      },
      {
        "key": "TEMP_NM",
        "name": "Brothers Oro & Mato",
        "scene": "GG_Nailmasters"
      }
    ]
  },
  {
    "name": "PANTHEON OF THE ARTIST",
    "number": 2,
    "bosses": [
      {
        "key": "GH_XERO_NC",
        "name": "Xero",
        "scene": "GG_Ghost_Xero"
      },
      {
        "key": "CRYSTAL_GUARDIAN",
        "name": "Crystal Guardian",
        "scene": "GG_Crystal_Guardian"
      },
      {
        "key": "MAGE_LORD",
        "name": "Soul Master",
        "scene": "GG_Soul_Master"
      },
      {
        "key": "OBLOBBLES",
        "name": "Oblobbles",
        "scene": "GG_Oblobbles"
      },
      {
        "key": "MANTIS_LORDS",
        "name": "Mantis Lords",
        "scene": "GG_Mantis_Lords"
      },
      {
        "key": "GH_MUMCAT_NC",
        "name": "Marmu",
        "scene": "GG_Ghost_Marmu"
      },
      {
        "key": "MIMIC_SPIDER",
        "name": "Nosk",
        "scene": "GG_Nosk"
      },
      {
        "key": "FLUKEMARM",
        "name": "Flukemarm",
        "scene": "GG_Flukemarm"
      },
      {
        "key": "INFECTED_KNIGHT",
        "name": "Broken Vessel",
        "scene": "GG_Broken_Vessel"
      },
      {
        "key": "PAINTMASTER",
        "name": "Paintmaster Sheo",
        "scene": "GG_Painter"
      }
    ]
  },
  {
    "name": "PANTHEON OF THE SAGE",
    "number": 3,
    "bosses": [
      {
        "key": "HIVE_KNIGHT",
        "name": "Hive Knight",
        "scene": "GG_Hive_Knight"
      },
      {
        "key": "GH_HU_NC",
        "name": "Elder Hu",
        "scene": "GG_Ghost_Hu"
      },
      {
        "key": "COLLECTOR",
        "name": "The Collector",
        "scene": "GG_Collector"
      },
      {
        "key": "LOBSTER_LANCER_NC",
        "name": "God Tamer",
        "scene": "GG_God_Tamer"
      },
      {
        "key": "GRIMM",
        "name": "Troupe Master Grimm",
        "scene": "GG_Grimm"
      },
      {
        "key": "GH_GALIEN_NC",
        "name": "Galien",
        "scene": "GG_Ghost_Galien"
      },
      {
        "key": "GREY_PRINCE",
        "name": "Grey Prince Zote",
        "scene": "GG_Grey_Prince_Zote"
      },
      {
        "key": "MEGA_JELLY",
        "name": "Uumuu",
        "scene": "GG_Uumuu"
      },
      {
        "key": "NAME_HORNET_2",
        "name": "Hornet (Sentinel)",
        "scene": "GG_Hornet_2"
      },
      {
        "key": "SLY_BOSS",
        "name": "Great Nailsage Sly",
        "scene": "GG_Sly"
      }
    ]
  },
  {
    "name": "PANTHEON OF THE KNIGHT",
    "number": 4,
    "bosses": [
      {
        "key": "ENRAGED_GUARDIAN",
        "name": "Enraged Guardian",
        "scene": "GG_Crystal_Guardian_2"
      },
      {
        "key": "INFECTED_KNIGHT_DREAM",
        "name": "Lost Kin",
        "scene": "GG_Lost_Kin"
      },
      {
        "key": "GH_NOEYES_NC",
        "name": "No Eyes",
        "scene": "GG_Ghost_No_Eyes"
      },
      {
        "key": "TRAITOR_LORD",
        "name": "Traitor Lord",
        "scene": "GG_Traitor_Lord"
      },
      {
        "key": "WHITE_DEFENDER",
        "name": "White Defender",
        "scene": "GG_White_Defender"
      },
      {
        "key": "FALSE_KNIGHT_DREAM",
        "name": "Failed Champion",
        "scene": "GG_Failed_Champion"
      },
      {
        "key": "GH_MARKOTH_NC",
        "name": "Markoth",
        "scene": "GG_Ghost_Markoth"
      },
      {
        "key": "BLACK_KNIGHT",
        "name": "Watcher Knight",
        "scene": "GG_Watcher_Knights"
      },
      {
        "key": "MAGE_LORD_DREAM",
        "name": "Soul Tyrant",
        "scene": "GG_Soul_Tyrant"
      },
      {
        "key": "HK_PRIME",
        "name": "Pure Vessel",
        "scene": "GG_Hollow_Knight"
      }
    ]
  },
  {
    "name": "PANTHEON OF HALLOWNEST",
    "number": 5,
    "bosses": [
      {
        "key": "VENGEFLY",
        "name": "Vengefly King",
        "scene": "GG_Vengefly_V"
      },
      {
        "key": "BIGFLY",
        "name": "Gruz Mother",
        "scene": "GG_Gruz_Mother_V"
      },
      {
        "key": "FALSE_KNIGHT",
        "name": "False Knight",
        "scene": "GG_False_Knight"
      },
      {
        "key": "MEGA_MOSS",
        "name": "Massive Moss Charger",
        "scene": "GG_Mega_Moss_Charger"
      },
      {
        "key": "NAME_HORNET_1",
        "name": "Hornet (Protector)",
        "scene": "GG_Hornet_1"
      },
      {
        "key": "GH_ALADAR_NC",
        "name": "Gorb",
        "scene": "GG_Ghost_Gorb_V"
      },
      {
        "key": "DUNG_DEFENDER",
        "name": "Dung Defender",
        "scene": "GG_Dung_Defender"
      },
      {
        "key": "MAGE_KNIGHT",
        "name": "Soul Warrior",
        "scene": "GG_Mage_Knight_V"
      },
      {
        "key": "MAWLEK",
        "name": "Brooding Mawlek",
        "scene": "GG_Brooding_Mawlek_V"
      },
      {
        "key": "TEMP_NM",
        "name": "Brothers Oro & Mato",
        "scene": "GG_Nailmasters"
      },
      {
        "key": "GH_XERO_NC",
        "name": "Xero",
        "scene": "GG_Ghost_Xero_V"
      },
      {
        "key": "CRYSTAL_GUARDIAN",
        "name": "Crystal Guardian",
        "scene": "GG_Crystal_Guardian"
      },
      {
        "key": "MAGE_LORD",
        "name": "Soul Master",
        "scene": "GG_Soul_Master"
      },
      {
        "key": "OBLOBBLES",
        "name": "Oblobbles",
        "scene": "GG_Oblobbles"
      },
      {
        "key": "SISTERS",
        "name": "Sisters of Battle",
        "scene": "GG_Mantis_Lords_V"
      },
      {
        "key": "GH_MUMCAT_NC",
        "name": "Marmu",
        "scene": "GG_Ghost_Marmu_V"
      },
      {
        "key": "FLUKEMARM",
        "name": "Flukemarm",
        "scene": "GG_Flukemarm"
      },
      {
        "key": "INFECTED_KNIGHT",
        "name": "Broken Vessel",
        "scene": "GG_Broken_Vessel"
      },
      {
        "key": "GH_GALIEN_NC",
        "name": "Galien",
        "scene": "GG_Ghost_Galien"
      },
      {
        "key": "PAINTMASTER",
        "name": "Paintmaster Sheo",
        "scene": "GG_Painter"
      },
      {
        "key": "HIVE_KNIGHT",
        "name": "Hive Knight",
        "scene": "GG_Hive_Knight"
      },
      {
        "key": "GH_HU_NC",
        "name": "Elder Hu",
        "scene": "GG_Ghost_Hu"
      },
      {
        "key": "COLLECTOR",
        "name": "The Collector",
        "scene": "GG_Collector_V"
      },
      {
        "key": "LOBSTER_LANCER_NC",
        "name": "God Tamer",
        "scene": "GG_God_Tamer"
      },
      {
        "key": "GRIMM",
        "name": "Troupe Master Grimm",
        "scene": "GG_Grimm"
      },
      {
        "key": "BLACK_KNIGHT",
        "name": "Watcher Knight",
        "scene": "GG_Watcher_Knights"
      },
      {
        "key": "MEGA_JELLY",
        "name": "Uumuu",
        "scene": "GG_Uumuu_V"
      },
      {
        "key": "MIMIC_SPIDER",
        "name": "Winged Nosk",
        "scene": "GG_Nosk_Hornet"
      },
      {
        "key": "SLY_BOSS",
        "name": "Great Nailsage Sly",
        "scene": "GG_Sly"
      },
      {
        "key": "NAME_HORNET_2",
        "name": "Hornet (Sentinel)",
        "scene": "GG_Hornet_2"
      },
      {
        "key": "ENRAGED_GUARDIAN",
        "name": "Enraged Guardian",
        "scene": "GG_Crystal_Guardian_2"
      },
      {
        "key": "INFECTED_KNIGHT_DREAM",
        "name": "Lost Kin",
        "scene": "GG_Lost_Kin"
      },
      {
        "key": "GH_NOEYES_NC",
        "name": "No Eyes",
        "scene": "GG_Ghost_No_Eyes_V"
      },
      {
        "key": "TRAITOR_LORD",
        "name": "Traitor Lord",
        "scene": "GG_Traitor_Lord"
      },
      {
        "key": "WHITE_DEFENDER",
        "name": "White Defender",
        "scene": "GG_White_Defender"
      },
      {
        "key": "MAGE_LORD_DREAM",
        "name": "Soul Tyrant",
        "scene": "GG_Soul_Tyrant"
      },
      {
        "key": "GH_MARKOTH_NC",
        "name": "Markoth",
        "scene": "GG_Ghost_Markoth_V"
      },
      {
        "key": "GREY_PRINCE",
        "name": "Grey Prince Zote",
        "scene": "GG_Grey_Prince_Zote"
      },
      {
        "key": "FALSE_KNIGHT_DREAM",
        "name": "Failed Champion",
        "scene": "GG_Failed_Champion"
      },
      {
        "key": "NIGHTMARE_GRIMM",
        "name": "Nightmare King Grimm",
        "scene": "GG_Grimm_Nightmare"
      },
      {
        "key": "HK_PRIME",
        "name": "Pure Vessel",
        "scene": "GG_Hollow_Knight"
      },
      {
        "key": "ABSOLUTE_RADIANCE",
        "name": "Absolute Radiance",
        "scene": "GG_Radiance"
      }
    ]
  }
]