<?xml version="1.0"?>
<doc>
    <assembly>
        <name>AdditionalChallenge</name>
    </assembly>
    <members>
        <member name="T:AdditionalChallenge.Effects.AbstractEffects">
            <summary>
            Base Base class for all effects
            </summary>
        </member>
        <member name="M:AdditionalChallenge.Effects.AbstractEffects.Load">
            <summary>
            Function to be called to load a effect
            </summary>
        </member>
        <member name="M:AdditionalChallenge.Effects.AbstractEffects.Unload">
            <summary>
            Function to be called to unload an effect
            </summary>
        </member>
        <member name="P:AdditionalChallenge.Effects.AbstractEffects.ToggleName">
            <summary>
            the name of the horizontal option in modmenu for this effect 
            </summary>
        </member>
        <member name="P:AdditionalChallenge.Effects.AbstractEffects.ToggleDesc">
            <summary>
            The description of the horizontal option in modmenu for this effect
            </summary>
        </member>
        <member name="P:AdditionalChallenge.Effects.AbstractEffects.IsEnabled">
            <summary>
            Gets whether or not its enabled
            </summary>
        </member>
        <member name="M:AdditionalChallenge.Effects.AbstractEffects.GetPropertiesToAdd">
            <summary>
            Function to be overrided in the 2nd level of aabstract classes. Gives the information required to change varibales from settings
            </summary>
            <returns></returns>
        </member>
        <member name="M:AdditionalChallenge.Effects.AbstractEffects.SetEnabled(System.Boolean)">
            <summary>
            A function to set whether its enabled or not
            </summary>
            <param name="newval"></param>
        </member>
        <member name="M:AdditionalChallenge.Effects.BossAttacks.AbstractPureVessel.EditFSM">
            <summary>
            Run code to edit fsms to isolate the attack so it only does that attack when set state and after attack goes to an idle state
            </summary>
        </member>
        <member name="T:AdditionalChallenge.Effects.CoolDownEffects.AbstractCoolDownEffect">
            <summary>
            A Base class for all effects that have cooldowns
            </summary>
        </member>
        <member name="M:AdditionalChallenge.Effects.EnemyFollow.AbstractEnemyFollow.SetUpEnemy(UnityEngine.GameObject)">
            <summary>
            To be called in Create Enemy
            </summary>
            <param name="enemyPrefab"></param>
        </member>
        <member name="T:AdditionalChallenge.Effects.PersistentEffects.AbstractPersistentEffect">
            <summary>
            Base class for all persistent effects
            </summary>
        </member>
        <member name="M:AdditionalChallenge.Effects.PersistentEffects.AbstractPersistentEffect.StartEffect">
            <summary>
            Function to start the effect
            </summary>
            <returns>Whether or not it actually was started</returns>
        </member>
        <member name="M:AdditionalChallenge.Effects.PersistentEffects.AbstractPersistentEffect.RepeatedDoEffect">
            <summary>
            function to be called to repeatedly set/unset something to make effect work
            </summary>
        </member>
        <member name="M:AdditionalChallenge.Effects.PersistentEffects.AbstractPersistentEffect.UnDoEffect">
            <summary>
            Function to undo the effect
            </summary>
            <returns>Whether or not it actually was undone</returns>
        </member>
        <member name="M:AdditionalChallenge.Effects.PersistentEffects.AbstractPersistentEffect.Update">
            <summary>
            Unity update function. We need to do it here because of the WhenUnDoEffectBeCalled option we have
            </summary>
        </member>
        <member name="T:AdditionalChallenge.Effects.PersistentEffects.BaseCameraEffects">
            <summary>
            class to hold enums and effects for the 7 camera effects
            </summary>
        </member>
    </members>
</doc>
