<?xml version="1.0"?>
<doc>
    <assembly>
        <name>RandoSettingsManager</name>
    </assembly>
    <members>
        <member name="T:RandoSettingsManager.Menu.HorizontalNavWithItemAboveBackButton">
            <summary>
            Menu nav strategy which allows the placement of an element directly above the back button.
            Assumes that a back button actually exists on the page.
            </summary>
        </member>
        <member name="M:RandoSettingsManager.Menu.HorizontalNavWithItemAboveBackButton.IndexWithWraparound(System.Int32)">
            <summary>
            Wraps an integer index into a value that is within the bounds of the selectable collection. Only
            well-defined when collection is non-empty.
            </summary>
        </member>
        <member name="P:RandoSettingsManager.Model.CreateSettingsInput.Settings">
            <summary>
            Base64 encoded settings data
            </summary>
        </member>
        <member name="P:RandoSettingsManager.Model.RetrieveSettingsOutput.Settings">
            <summary>
            Base64 encoded settings data
            </summary>
        </member>
        <member name="T:RandoSettingsManager.ModExport">
            <summary>
            Class which exports parts of the RandoSettingsManager API for use in mod interop.
            </summary>
        </member>
        <member name="M:RandoSettingsManager.ModExport.RegisterConnectionSimple(Modding.Mod,System.Type,System.Delegate,System.Delegate)">
            <summary>
            Registers a connection mod for settings events with a <see cref="T:RandoSettingsManager.SettingsManagement.SimpleSettingsProxy`1"/>.
            </summary>
            <param name="mod">The mod to use for naming and versioning</param>
            <param name="settingsType">The type used to store settings</param>
            <param name="receiveSettings">An <see cref="T:System.Action`1"/> handler for settings to be received. Used to implement <see cref="M:RandoSettingsManager.SettingsManagement.RandoSettingsProxy`2.ReceiveSettings(`0)"/></param>
            <param name="provideSettings">An optional <see cref="T:System.Func`1"/> handler for settings to be provided. Used to implement <see cref="M:RandoSettingsManager.SettingsManagement.RandoSettingsProxy`2.TryProvideSettings(`0@)"/></param>
        </member>
        <member name="T:RandoSettingsManager.RandoSettingsManagerMod">
            <summary>
            Mod class for RandoSettingsManager which provides an API interface for connections to hook into settings events
            </summary>
        </member>
        <member name="P:RandoSettingsManager.RandoSettingsManagerMod.Instance">
            <summary>
            Singleton instance of the mod
            </summary>
        </member>
        <member name="M:RandoSettingsManager.RandoSettingsManagerMod.GetVersion">
            <inheritdoc/>
        </member>
        <member name="M:RandoSettingsManager.RandoSettingsManagerMod.#ctor">
            <inheritdoc/>
        </member>
        <member name="M:RandoSettingsManager.RandoSettingsManagerMod.Initialize">
            <inheritdoc/>
        </member>
        <member name="M:RandoSettingsManager.RandoSettingsManagerMod.RegisterConnection``2(RandoSettingsManager.SettingsManagement.RandoSettingsProxy{``0,``1})">
            <summary>
            Registers a connection mod for settings events
            </summary>
            <typeparam name="TSettings">The type used to store settings</typeparam>
            <typeparam name="TVersion">The type used to store version information</typeparam>
            <param name="settingsProxy">The settings proxy hosting event handlers and version information</param>
        </member>
        <member name="M:RandoSettingsManager.SettingsManagement.Filer.Tar.TarDirectory.#ctor">
            <summary>
            Creates the root tar directory
            </summary>
        </member>
        <member name="T:RandoSettingsManager.SettingsManagement.RandoSettingsProxy`2">
            <summary>
            The base class for settings proxies which implement handlers for settings events
            and versioning information
            </summary>
            <typeparam name="TSettings">The type used to store settings</typeparam>
            <typeparam name="TVersion">The type used to store version information</typeparam>
        </member>
        <member name="P:RandoSettingsManager.SettingsManagement.RandoSettingsProxy`2.ModKey">
            <summary>
            The unique key to identify this proxy (usually the mod name)
            </summary>
        </member>
        <member name="P:RandoSettingsManager.SettingsManagement.RandoSettingsProxy`2.VersioningPolicy">
            <summary>
            The versioning policy to accept and reject settings
            </summary>
            <remarks>
            Generally, versioning policies cannot safely change type, and can usually
            only be safely changed to be less strict. Generally you'll be best to just
            pick one and stick with it, so think carefully about the guarantees you
            want to make so you don't have to change it in the future.
            </remarks>
        </member>
        <member name="M:RandoSettingsManager.SettingsManagement.RandoSettingsProxy`2.TryProvideSettings(`0@)">
            <summary>
            Attempts to provide settings when sending/saving data
            </summary>
            <param name="settings">The settings to be sent/saved</param>
            <returns>True if settings should be sent, otherwise false</returns>
        </member>
        <member name="M:RandoSettingsManager.SettingsManagement.RandoSettingsProxy`2.ReceiveSettings(`0)">
            <summary>
            Handles receiving settings, or disabling the connection if no
            settings were received for this connection. Connections may perform their
            own validation and throw <see cref="T:RandoSettingsManager.SettingsManagement.ValidationException"/> to indicate validation
            failures.
            </summary>
            <param name="settings">The received settings, if any</param>
        </member>
        <member name="T:RandoSettingsManager.SettingsManagement.SimpleSettingsProxy`1">
            <summary>
            A simple settings proxy implementing strict versioning and standard naming
            </summary>
            <typeparam name="T">The type to use to store settings</typeparam>
        </member>
        <member name="P:RandoSettingsManager.SettingsManagement.SimpleSettingsProxy`1.ModKey">
            <inheritdoc/>
        </member>
        <member name="P:RandoSettingsManager.SettingsManagement.SimpleSettingsProxy`1.VersioningPolicy">
            <inheritdoc/>
        </member>
        <member name="M:RandoSettingsManager.SettingsManagement.SimpleSettingsProxy`1.#ctor(Modding.Mod,System.Action{`0},System.Func{`0})">
            <summary>
            Constructs a SimpleSettingsProxy
            </summary>
            <param name="mod">The mod to use for naming and versioning</param>
            <param name="receiveSettings">A handler for settings to be received. Implements <see cref="M:RandoSettingsManager.SettingsManagement.SimpleSettingsProxy`1.ReceiveSettings(`0)"/></param>
            <param name="provideSettings">A handler for settings to be provided. Implements <see cref="M:RandoSettingsManager.SettingsManagement.SimpleSettingsProxy`1.TryProvideSettings(`0@)"/></param>
        </member>
        <member name="M:RandoSettingsManager.SettingsManagement.SimpleSettingsProxy`1.TryProvideSettings(`0@)">
            <inheritdoc/>
        </member>
        <member name="M:RandoSettingsManager.SettingsManagement.SimpleSettingsProxy`1.ReceiveSettings(`0)">
            <inheritdoc/>
        </member>
        <member name="T:RandoSettingsManager.SettingsManagement.ValidationException">
            <summary>
            An exception which indicates a validation failure during settings loading.
            </summary>
        </member>
        <member name="M:RandoSettingsManager.SettingsManagement.ValidationException.#ctor(System.String)">
            <inheritdoc/>
        </member>
        <member name="T:RandoSettingsManager.SettingsManagement.LateValidationException">
            <summary>
            An exception which indicates a late validation failure, after settings have been partially loaded.
            Used by SettingsManager to distinguish between validation failures before and after settings have
            been applied.
            </summary>
        </member>
        <member name="T:RandoSettingsManager.SettingsManagement.Versioning.BackwardCompatiblityVersioningPolicy`1">
            <summary>
            A versioning policy which guarantees backwards compatibility until a given target version.
            </summary>
            <typeparam name="T">The type to store version</typeparam>
        </member>
        <member name="P:RandoSettingsManager.SettingsManagement.Versioning.BackwardCompatiblityVersioningPolicy`1.Version">
            <inheritdoc/>
        </member>
        <member name="M:RandoSettingsManager.SettingsManagement.Versioning.BackwardCompatiblityVersioningPolicy`1.#ctor(`0)">
            <summary>
            Constructs a backwards compatibility version policy using the default comparer
            </summary>
            <param name="targetVersion">The minimum target version for backwards compatibility</param>
        </member>
        <member name="M:RandoSettingsManager.SettingsManagement.Versioning.BackwardCompatiblityVersioningPolicy`1.#ctor(`0,System.Collections.Generic.Comparer{`0})">
            <summary>
            Constructs a backwards compatibility version policy using the specified comparer
            </summary>
            <param name="targetVersion">The minimum target version for backwards compatibility</param>
            <param name="versionComparer">The comparer to use for comparison</param>
        </member>
        <member name="M:RandoSettingsManager.SettingsManagement.Versioning.BackwardCompatiblityVersioningPolicy`1.Allow(`0)">
            <inheritdoc/>
        </member>
        <member name="T:RandoSettingsManager.SettingsManagement.Versioning.Comparators.SemVerComparator">
            <summary>
            A comparer which implements semantic version comparison.
            </summary>
        </member>
        <member name="M:RandoSettingsManager.SettingsManagement.Versioning.Comparators.SemVerComparator.#ctor(System.String)">
            <summary>
            Constructs a SemVerComparer with an optional suffix
            </summary>
            <param name="suffixSeparator">A string to use to remove suffixes, eg + for a mod versioned like X.Y.Z.W+hash</param>
        </member>
        <member name="M:RandoSettingsManager.SettingsManagement.Versioning.Comparators.SemVerComparator.#ctor(System.String,System.Int32)">
            <summary>
            Constructs a SemVerComparator with an optional suffix and a specified number of decimal places
            </summary>
            <param name="suffixSeparator">A string to use to remove suffixes, eg + for a mod versioned like X.Y.Z.W+hash</param>
            <param name="places">The number of decimal places to compare. Any negative number will compare all places available.</param>
        </member>
        <member name="M:RandoSettingsManager.SettingsManagement.Versioning.Comparators.SemVerComparator.Compare(System.String,System.String)">
            <inheritdoc/>
        </member>
        <member name="T:RandoSettingsManager.SettingsManagement.Versioning.CompoundVersioningPolicy`2">
            <summary>
            A versioning policy that compounds versions and rules from multiple versioning policies
            </summary>
        </member>
        <member name="P:RandoSettingsManager.SettingsManagement.Versioning.CompoundVersioningPolicy`2.Version">
            <inheritdoc/>
        </member>
        <member name="M:RandoSettingsManager.SettingsManagement.Versioning.CompoundVersioningPolicy`2.Allow(System.ValueTuple{`0,`1})">
            <inheritdoc/>
        </member>
        <member name="T:RandoSettingsManager.SettingsManagement.Versioning.CompoundVersioningPolicy`3">
            <summary>
            A versioning policy that compounds versions and rules from multiple versioning policies
            </summary>
        </member>
        <member name="P:RandoSettingsManager.SettingsManagement.Versioning.CompoundVersioningPolicy`3.Version">
            <inheritdoc/>
        </member>
        <member name="M:RandoSettingsManager.SettingsManagement.Versioning.CompoundVersioningPolicy`3.Allow(System.ValueTuple{`0,`1,`2})">
            <inheritdoc/>
        </member>
        <member name="T:RandoSettingsManager.SettingsManagement.Versioning.CompoundVersioningPolicy`4">
            <summary>
            A versioning policy that compounds versions and rules from multiple versioning policies
            </summary>
        </member>
        <member name="P:RandoSettingsManager.SettingsManagement.Versioning.CompoundVersioningPolicy`4.Version">
            <inheritdoc/>
        </member>
        <member name="M:RandoSettingsManager.SettingsManagement.Versioning.CompoundVersioningPolicy`4.Allow(System.ValueTuple{`0,`1,`2,`3})">
            <inheritdoc/>
        </member>
        <member name="T:RandoSettingsManager.SettingsManagement.Versioning.CompoundVersioningPolicy`5">
            <summary>
            A versioning policy that compounds versions and rules from multiple versioning policies
            </summary>
        </member>
        <member name="P:RandoSettingsManager.SettingsManagement.Versioning.CompoundVersioningPolicy`5.Version">
            <inheritdoc/>
        </member>
        <member name="M:RandoSettingsManager.SettingsManagement.Versioning.CompoundVersioningPolicy`5.Allow(System.ValueTuple{`0,`1,`2,`3,`4})">
            <inheritdoc/>
        </member>
        <member name="T:RandoSettingsManager.SettingsManagement.Versioning.CompoundVersioningPolicy`6">
            <summary>
            A versioning policy that compounds versions and rules from multiple versioning policies
            </summary>
        </member>
        <member name="P:RandoSettingsManager.SettingsManagement.Versioning.CompoundVersioningPolicy`6.Version">
            <inheritdoc/>
        </member>
        <member name="M:RandoSettingsManager.SettingsManagement.Versioning.CompoundVersioningPolicy`6.Allow(System.ValueTuple{`0,`1,`2,`3,`4,`5})">
            <inheritdoc/>
        </member>
        <member name="T:RandoSettingsManager.SettingsManagement.Versioning.CompoundVersioningPolicy`7">
            <summary>
            A versioning policy that compounds versions and rules from multiple versioning policies
            </summary>
        </member>
        <member name="P:RandoSettingsManager.SettingsManagement.Versioning.CompoundVersioningPolicy`7.Version">
            <inheritdoc/>
        </member>
        <member name="M:RandoSettingsManager.SettingsManagement.Versioning.CompoundVersioningPolicy`7.Allow(System.ValueTuple{`0,`1,`2,`3,`4,`5,`6})">
            <inheritdoc/>
        </member>
        <member name="T:RandoSettingsManager.SettingsManagement.Versioning.CompoundVersioningPolicy`8">
            <summary>
            A versioning policy that compounds versions and rules from multiple versioning policies
            </summary>
        </member>
        <member name="P:RandoSettingsManager.SettingsManagement.Versioning.CompoundVersioningPolicy`8.Version">
            <inheritdoc/>
        </member>
        <member name="M:RandoSettingsManager.SettingsManagement.Versioning.CompoundVersioningPolicy`8.Allow(System.ValueTuple{`0,`1,`2,`3,`4,`5,`6,System.ValueTuple{`7}})">
            <inheritdoc/>
        </member>
        <member name="T:RandoSettingsManager.SettingsManagement.Versioning.CompoundVersioningPolicy">
            <summary>
            Class containing static convenience methods to create compound versioning policies
            </summary>
        </member>
        <member name="M:RandoSettingsManager.SettingsManagement.Versioning.CompoundVersioningPolicy.Of``2(RandoSettingsManager.SettingsManagement.Versioning.VersioningPolicy{``0},RandoSettingsManager.SettingsManagement.Versioning.VersioningPolicy{``1})">
            <summary>
            Constructs a compound versioning policy from 2 versioning policies
            </summary>
        </member>
        <member name="M:RandoSettingsManager.SettingsManagement.Versioning.CompoundVersioningPolicy.Of``3(RandoSettingsManager.SettingsManagement.Versioning.VersioningPolicy{``0},RandoSettingsManager.SettingsManagement.Versioning.VersioningPolicy{``1},RandoSettingsManager.SettingsManagement.Versioning.VersioningPolicy{``2})">
            <summary>
            Constructs a compound versioning policy from 3 versioning policies
            </summary>
        </member>
        <member name="M:RandoSettingsManager.SettingsManagement.Versioning.CompoundVersioningPolicy.Of``4(RandoSettingsManager.SettingsManagement.Versioning.VersioningPolicy{``0},RandoSettingsManager.SettingsManagement.Versioning.VersioningPolicy{``1},RandoSettingsManager.SettingsManagement.Versioning.VersioningPolicy{``2},RandoSettingsManager.SettingsManagement.Versioning.VersioningPolicy{``3})">
            <summary>
            Constructs a compound versioning policy from 4 versioning policies
            </summary>
        </member>
        <member name="M:RandoSettingsManager.SettingsManagement.Versioning.CompoundVersioningPolicy.Of``5(RandoSettingsManager.SettingsManagement.Versioning.VersioningPolicy{``0},RandoSettingsManager.SettingsManagement.Versioning.VersioningPolicy{``1},RandoSettingsManager.SettingsManagement.Versioning.VersioningPolicy{``2},RandoSettingsManager.SettingsManagement.Versioning.VersioningPolicy{``3},RandoSettingsManager.SettingsManagement.Versioning.VersioningPolicy{``4})">
            <summary>
            Constructs a compound versioning policy from 5 versioning policies
            </summary>
        </member>
        <member name="M:RandoSettingsManager.SettingsManagement.Versioning.CompoundVersioningPolicy.Of``6(RandoSettingsManager.SettingsManagement.Versioning.VersioningPolicy{``0},RandoSettingsManager.SettingsManagement.Versioning.VersioningPolicy{``1},RandoSettingsManager.SettingsManagement.Versioning.VersioningPolicy{``2},RandoSettingsManager.SettingsManagement.Versioning.VersioningPolicy{``3},RandoSettingsManager.SettingsManagement.Versioning.VersioningPolicy{``4},RandoSettingsManager.SettingsManagement.Versioning.VersioningPolicy{``5})">
            <summary>
            Constructs a compound versioning policy from 6 versioning policies
            </summary>
        </member>
        <member name="M:RandoSettingsManager.SettingsManagement.Versioning.CompoundVersioningPolicy.Of``7(RandoSettingsManager.SettingsManagement.Versioning.VersioningPolicy{``0},RandoSettingsManager.SettingsManagement.Versioning.VersioningPolicy{``1},RandoSettingsManager.SettingsManagement.Versioning.VersioningPolicy{``2},RandoSettingsManager.SettingsManagement.Versioning.VersioningPolicy{``3},RandoSettingsManager.SettingsManagement.Versioning.VersioningPolicy{``4},RandoSettingsManager.SettingsManagement.Versioning.VersioningPolicy{``5},RandoSettingsManager.SettingsManagement.Versioning.VersioningPolicy{``6})">
            <summary>
            Constructs a compound versioning policy from 7 versioning policies
            </summary>
        </member>
        <member name="M:RandoSettingsManager.SettingsManagement.Versioning.CompoundVersioningPolicy.Of``8(RandoSettingsManager.SettingsManagement.Versioning.VersioningPolicy{``0},RandoSettingsManager.SettingsManagement.Versioning.VersioningPolicy{``1},RandoSettingsManager.SettingsManagement.Versioning.VersioningPolicy{``2},RandoSettingsManager.SettingsManagement.Versioning.VersioningPolicy{``3},RandoSettingsManager.SettingsManagement.Versioning.VersioningPolicy{``4},RandoSettingsManager.SettingsManagement.Versioning.VersioningPolicy{``5},RandoSettingsManager.SettingsManagement.Versioning.VersioningPolicy{``6},RandoSettingsManager.SettingsManagement.Versioning.VersioningPolicy{``7})">
            <summary>
            Constructs a compound versioning policy from 8 versioning policies
            </summary>
        </member>
        <member name="T:RandoSettingsManager.SettingsManagement.Versioning.ContentHashVersioningPolicy">
            <summary>
            A versioning policy which compares the hash of provided content
            </summary>
        </member>
        <member name="P:RandoSettingsManager.SettingsManagement.Versioning.ContentHashVersioningPolicy.Version">
            <inheritdoc/>
        </member>
        <member name="M:RandoSettingsManager.SettingsManagement.Versioning.ContentHashVersioningPolicy.#ctor(System.Byte[])">
            <summary>
            Constructs a policy based off of the provided content
            </summary>
            <param name="content">The content to hash</param>
        </member>
        <member name="M:RandoSettingsManager.SettingsManagement.Versioning.ContentHashVersioningPolicy.#ctor(System.IO.Stream)">
            <summary>
            Constructs a policy based off of the provided content
            </summary>
            <param name="content">The content to hash</param>
        </member>
        <member name="M:RandoSettingsManager.SettingsManagement.Versioning.ContentHashVersioningPolicy.Allow(System.String)">
            <inheritdoc/>
        </member>
        <member name="T:RandoSettingsManager.SettingsManagement.Versioning.EqualityVersioningPolicy`1">
            <summary>
            A versioning policy that provides an arbitrary dev-provided version, and checks equality with
            that version to allow incoming versions
            </summary>
            <typeparam name="T">The version type</typeparam>
        </member>
        <member name="P:RandoSettingsManager.SettingsManagement.Versioning.EqualityVersioningPolicy`1.Version">
            <inheritdoc/>
        </member>
        <member name="M:RandoSettingsManager.SettingsManagement.Versioning.EqualityVersioningPolicy`1.#ctor(`0)">
            <summary>
            Constructs a policy with the default comparer
            </summary>
            <param name="version">The local version to provide and compare against</param>
        </member>
        <member name="M:RandoSettingsManager.SettingsManagement.Versioning.EqualityVersioningPolicy`1.#ctor(`0,System.Collections.Generic.IComparer{`0})">
            <summary>
            Constructs a policy with a custom comparer
            </summary>
            <param name="version"></param>
            <param name="comparer"></param>
        </member>
        <member name="M:RandoSettingsManager.SettingsManagement.Versioning.EqualityVersioningPolicy`1.Allow(`0)">
            <inheritdoc/>
        </member>
        <member name="T:RandoSettingsManager.SettingsManagement.Versioning.NoVersioningPolicy">
            <summary>
            A versioning policy that performs no version checking. Using this versioning policy
            implies indefinite backwards compatibility of settings and logic (failing to meet this promise
            may cause settings to fail to load or hash mismatches).
            </summary>
        </member>
        <member name="P:RandoSettingsManager.SettingsManagement.Versioning.NoVersioningPolicy.Version">
            <inheritdoc/>
        </member>
        <member name="P:RandoSettingsManager.SettingsManagement.Versioning.NoVersioningPolicy.AllowsNullValues">
            <inheritdoc/>
        </member>
        <member name="M:RandoSettingsManager.SettingsManagement.Versioning.NoVersioningPolicy.Allow(System.Object)">
            <inheritdoc/>
        </member>
        <member name="T:RandoSettingsManager.SettingsManagement.Versioning.StrictModVersioningPolicy">
            <summary>
            A versioning policy that uses and strictly compares against the version of a <see cref="T:Modding.Mod"/> instance.
            </summary>
        </member>
        <member name="P:RandoSettingsManager.SettingsManagement.Versioning.StrictModVersioningPolicy.Version">
            <inheritdoc/>
        </member>
        <member name="M:RandoSettingsManager.SettingsManagement.Versioning.StrictModVersioningPolicy.#ctor(Modding.Mod)">
            <summary>
            Constructs a StrictModVersioningPolicy
            </summary>
            <param name="mod">The mod instance to get the version from</param>
        </member>
        <member name="M:RandoSettingsManager.SettingsManagement.Versioning.StrictModVersioningPolicy.Allow(System.String)">
            <inheritdoc/>
        </member>
        <member name="T:RandoSettingsManager.SettingsManagement.Versioning.VersioningPolicy`1">
            <summary>
            A policy to determine what the current version is, and whether a received version is allowable
            </summary>
            <remarks>
            <para>
            Versioning is used as an early validation mechanism for settings sharing. Changes to settings themselves,
            or logic (or anything else hash-impacting) should result in a change in version. Long-lived profiles are
            never version-checked.
            </para>
            
            <para>
            When choosing or implementing a versioning policy consider that, for any pair of builds of the same mod,
            the versioning policies should symmetrically accept or reject the version provided by the other build.
            A version should be accepted if and only if it can be verified that any possible settings sent by the
            sender will generate the same hash when applied, based on the sent version.
            </para>
            
            <para>
            When in doubt, prefer a stricter policy. <see cref="T:RandoSettingsManager.SettingsManagement.Versioning.StrictModVersioningPolicy"/> is the most strict
            policy available in this library.
            </para>
            </remarks>
            <typeparam name="T">The type used to store version info</typeparam>
        </member>
        <member name="P:RandoSettingsManager.SettingsManagement.Versioning.VersioningPolicy`1.Version">
            <summary>
            The current version
            </summary>
        </member>
        <member name="M:RandoSettingsManager.SettingsManagement.Versioning.VersioningPolicy`1.Allow(`0)">
            <summary>
            Determines whether the given version is allowed
            </summary>
            <param name="version">The version to check against the policy</param>
            <returns>Whether the given version is allowed</returns>
        </member>
        <member name="P:RandoSettingsManager.SettingsManagement.Versioning.VersioningPolicy`1.AllowsNullValues">
            <summary>
            Used to determine whether null versions can be allowed. By default,
            only allows null if the version type is Nullable&lt;T&gt;.
            </summary>
        </member>
        <member name="T:System.Diagnostics.CodeAnalysis.AllowNullAttribute">
            <summary>
            Specifies that null is allowed as an input even if the corresponding type disallows it.
            </summary>
        </member>
        <member name="T:System.Diagnostics.CodeAnalysis.DisallowNullAttribute">
            <summary>
            Specifies that null is disallowed as an input even if the corresponding type allows it.
            </summary>
        </member>
        <member name="T:System.Diagnostics.CodeAnalysis.DoesNotReturnAttribute">
            <summary>
            Applied to a method that will never return under any circumstance.
            </summary>
        </member>
        <member name="T:System.Diagnostics.CodeAnalysis.DoesNotReturnIfAttribute">
            <summary>
            Specifies that the method will not return if the associated Boolean parameter is passed the specified value.
            </summary>
        </member>
        <member name="M:System.Diagnostics.CodeAnalysis.DoesNotReturnIfAttribute.#ctor(System.Boolean)">
            <summary>
            Initializes the attribute with the specified parameter value.
            </summary>
            <param name="parameterValue">
            The condition parameter value. Code after the method will be considered unreachable
            by diagnostics if the argument to the associated parameter matches this value.
            </param>
        </member>
        <member name="P:System.Diagnostics.CodeAnalysis.DoesNotReturnIfAttribute.ParameterValue">
            <summary>
            Gets the condition parameter value.
            </summary>
        </member>
        <member name="T:System.Diagnostics.CodeAnalysis.MaybeNullAttribute">
            <summary>
            Specifies that an output may be null even if the corresponding type disallows it.
            </summary>
        </member>
        <member name="T:System.Diagnostics.CodeAnalysis.MaybeNullWhenAttribute">
            <summary>
            Specifies that when a method returns <see cref="P:System.Diagnostics.CodeAnalysis.MaybeNullWhenAttribute.ReturnValue"/>, the parameter may be null even if the corresponding type disallows it.
            </summary>
        </member>
        <member name="M:System.Diagnostics.CodeAnalysis.MaybeNullWhenAttribute.#ctor(System.Boolean)">
            <summary>
            Initializes the attribute with the specified return value condition.
            </summary>
            <param name="returnValue">The return value condition. If the method returns this value, the associated parameter may be null.</param>
        </member>
        <member name="P:System.Diagnostics.CodeAnalysis.MaybeNullWhenAttribute.ReturnValue">
            <summary>
            Gets the return value condition.
            </summary>
        </member>
        <member name="T:System.Diagnostics.CodeAnalysis.MemberNotNullAttribute">
            <summary>
            Specifies that the method or property will ensure that the listed field and property members have not-null values.
            </summary>
        </member>
        <member name="M:System.Diagnostics.CodeAnalysis.MemberNotNullAttribute.#ctor(System.String)">
            <summary>
            Initializes the attribute with a field or property member.
            </summary>
            <param name="member">The field or property member that is promised to be not-null.</param>
        </member>
        <member name="M:System.Diagnostics.CodeAnalysis.MemberNotNullAttribute.#ctor(System.String[])">
            <summary>
            Initializes the attribute with the list of field and property members.
            </summary>
            <param name="members">The list of field and property members that are promised to be not-null.</param>
        </member>
        <member name="P:System.Diagnostics.CodeAnalysis.MemberNotNullAttribute.Members">
            <summary>
            Gets field or property member names.
            </summary>
        </member>
        <member name="T:System.Diagnostics.CodeAnalysis.MemberNotNullWhenAttribute">
            <summary>
            Specifies that the method or property will ensure that the listed field and property
            members have not-null values when returning with the specified return value condition.
            </summary>
        </member>
        <member name="M:System.Diagnostics.CodeAnalysis.MemberNotNullWhenAttribute.#ctor(System.Boolean,System.String)">
            <summary>
            Initializes the attribute with the specified return value condition and a field or property member.
            </summary>
            <param name="returnValue">The return value condition. If the method returns this value, the associated parameter will not be null.</param>
            <param name="member">The field or property member that is promised to be not-null.</param>
        </member>
        <member name="M:System.Diagnostics.CodeAnalysis.MemberNotNullWhenAttribute.#ctor(System.Boolean,System.String[])">
            <summary>
            Initializes the attribute with the specified return value condition and list of field and property members.
            </summary>
            <param name="returnValue">The return value condition. If the method returns this value, the associated parameter will not be null.</param>
            <param name="members">The list of field and property members that are promised to be not-null.</param>
        </member>
        <member name="P:System.Diagnostics.CodeAnalysis.MemberNotNullWhenAttribute.ReturnValue">
            <summary>
            Gets the return value condition.
            </summary>
        </member>
        <member name="P:System.Diagnostics.CodeAnalysis.MemberNotNullWhenAttribute.Members">
            <summary>
            Gets field or property member names.
            </summary>
        </member>
        <member name="T:System.Diagnostics.CodeAnalysis.NotNullAttribute">
            <summary>
            Specifies that an output will not be null even if the corresponding type allows it.
            Specifies that an input argument was not null when the call returns.
            </summary>
        </member>
        <member name="T:System.Diagnostics.CodeAnalysis.NotNullIfNotNullAttribute">
            <summary>
            Specifies that the output will be non-null if the named parameter is non-null.
            </summary>
        </member>
        <member name="M:System.Diagnostics.CodeAnalysis.NotNullIfNotNullAttribute.#ctor(System.String)">
            <summary>
            Initializes the attribute with the associated parameter name.
            </summary>
            <param name="parameterName">The associated parameter name. The output will be non-null if the argument to the parameter specified is non-null.</param>
        </member>
        <member name="P:System.Diagnostics.CodeAnalysis.NotNullIfNotNullAttribute.ParameterName">
            <summary>
            Gets the associated parameter name.
            </summary>
        </member>
        <member name="T:System.Diagnostics.CodeAnalysis.NotNullWhenAttribute">
            <summary>
            Specifies that when a method returns <see cref="P:System.Diagnostics.CodeAnalysis.NotNullWhenAttribute.ReturnValue"/>, the parameter will not be null even if the corresponding type allows it.
            </summary>
        </member>
        <member name="M:System.Diagnostics.CodeAnalysis.NotNullWhenAttribute.#ctor(System.Boolean)">
            <summary>
            Initializes the attribute with the specified return value condition.
            </summary>
            <param name="returnValue">The return value condition. If the method returns this value, the associated parameter will not be null.</param>
        </member>
        <member name="P:System.Diagnostics.CodeAnalysis.NotNullWhenAttribute.ReturnValue">
            <summary>Gets the return value condition.</summary>
        </member>
        <member name="T:System.Diagnostics.CodeAnalysis.SetsRequiredMembersAttribute">
            <summary>
            Specifies that this constructor sets all required members for the current type,
            and callers do not need to set any required members themselves.
            </summary>
        </member>
        <member name="T:System.Diagnostics.CodeAnalysis.StringSyntaxAttribute">
            <summary>
            Specifies the syntax used in a string.
            </summary>
        </member>
        <member name="M:System.Diagnostics.CodeAnalysis.StringSyntaxAttribute.#ctor(System.String)">
            <summary>
            Initializes the <see cref="T:System.Diagnostics.CodeAnalysis.StringSyntaxAttribute"/> with the identifier of the syntax used.
            </summary>
            <param name="syntax">The syntax identifier.</param>
        </member>
        <member name="M:System.Diagnostics.CodeAnalysis.StringSyntaxAttribute.#ctor(System.String,System.Object[])">
            <summary>Initializes the <see cref="T:System.Diagnostics.CodeAnalysis.StringSyntaxAttribute"/> with the identifier of the syntax used.</summary>
            <param name="syntax">The syntax identifier.</param>
            <param name="arguments">Optional arguments associated with the specific syntax employed.</param>
        </member>
        <member name="P:System.Diagnostics.CodeAnalysis.StringSyntaxAttribute.Syntax">
            <summary>Gets the identifier of the syntax used.</summary>
        </member>
        <member name="P:System.Diagnostics.CodeAnalysis.StringSyntaxAttribute.Arguments">
            <summary>Optional arguments associated with the specific syntax employed.</summary>
        </member>
        <member name="F:System.Diagnostics.CodeAnalysis.StringSyntaxAttribute.CompositeFormat">
            <summary>The syntax identifier for strings containing composite formats for string formatting.</summary>
        </member>
        <member name="F:System.Diagnostics.CodeAnalysis.StringSyntaxAttribute.DateOnlyFormat">
            <summary>The syntax identifier for strings containing date format specifiers.</summary>
        </member>
        <member name="F:System.Diagnostics.CodeAnalysis.StringSyntaxAttribute.DateTimeFormat">
            <summary>The syntax identifier for strings containing date and time format specifiers.</summary>
        </member>
        <member name="F:System.Diagnostics.CodeAnalysis.StringSyntaxAttribute.EnumFormat">
            <summary>The syntax identifier for strings containing <see cref="T:System.Enum"/> format specifiers.</summary>
        </member>
        <member name="F:System.Diagnostics.CodeAnalysis.StringSyntaxAttribute.GuidFormat">
            <summary>The syntax identifier for strings containing <see cref="T:System.Guid"/> format specifiers.</summary>
        </member>
        <member name="F:System.Diagnostics.CodeAnalysis.StringSyntaxAttribute.Json">
            <summary>The syntax identifier for strings containing JavaScript Object Notation (JSON).</summary>
        </member>
        <member name="F:System.Diagnostics.CodeAnalysis.StringSyntaxAttribute.NumericFormat">
            <summary>The syntax identifier for strings containing numeric format specifiers.</summary>
        </member>
        <member name="F:System.Diagnostics.CodeAnalysis.StringSyntaxAttribute.Regex">
            <summary>The syntax identifier for strings containing regular expressions.</summary>
        </member>
        <member name="F:System.Diagnostics.CodeAnalysis.StringSyntaxAttribute.TimeOnlyFormat">
            <summary>The syntax identifier for strings containing time format specifiers.</summary>
        </member>
        <member name="F:System.Diagnostics.CodeAnalysis.StringSyntaxAttribute.TimeSpanFormat">
            <summary>The syntax identifier for strings containing <see cref="T:System.TimeSpan"/> format specifiers.</summary>
        </member>
        <member name="F:System.Diagnostics.CodeAnalysis.StringSyntaxAttribute.Uri">
            <summary>The syntax identifier for strings containing URIs.</summary>
        </member>
        <member name="F:System.Diagnostics.CodeAnalysis.StringSyntaxAttribute.Xml">
            <summary>The syntax identifier for strings containing XML.</summary>
        </member>
        <member name="T:System.Diagnostics.CodeAnalysis.UnscopedRefAttribute">
            <summary>
            Used to indicate a byref escapes and is not scoped.
            </summary>
            <remarks>
            <para>
            There are several cases where the C# compiler treats a <see langword="ref"/> as implicitly
            <see langword="scoped"/> - where the compiler does not allow the <see langword="ref"/> to escape the method.
            </para>
            <para>
            For example:
            <list type="number">
                <item><see langword="this"/> for <see langword="struct"/> instance methods.</item>
                <item><see langword="ref"/> parameters that refer to <see langword="ref"/> <see langword="struct"/> types.</item>
                <item><see langword="out"/> parameters.</item>
            </list>
            </para>
            <para>
            This attribute is used in those instances where the <see langword="ref"/> should be allowed to escape.
            </para>
            <para>
            Applying this attribute, in any form, has impact on consumers of the applicable API. It is necessary for
            API authors to understand the lifetime implications of applying this attribute and how it may impact their users.
            </para>
            </remarks>
        </member>
        <member name="T:System.Index">
            <summary>Represent a type can be used to index a collection either from the start or the end.</summary>
            <remarks>
            Index is used by the C# compiler to support the new index syntax
            <code>
            int[] someArray = new int[5] { 1, 2, 3, 4, 5 } ;
            int lastElement = someArray[^1]; // lastElement = 5
            </code>
            </remarks>
        </member>
        <member name="M:System.Index.#ctor(System.Int32,System.Boolean)">
            <summary>Construct an Index using a value and indicating if the index is from the start or from the end.</summary>
            <param name="value">The index value. it has to be zero or positive number.</param>
            <param name="fromEnd">Indicating if the index is from the start or from the end.</param>
            <remarks>
            If the Index constructed from the end, index value 1 means pointing at the last element and index value 0 means pointing at beyond last element.
            </remarks>
        </member>
        <member name="P:System.Index.Start">
            <summary>Create an Index pointing at first element.</summary>
        </member>
        <member name="P:System.Index.End">
            <summary>Create an Index pointing at beyond last element.</summary>
        </member>
        <member name="M:System.Index.FromStart(System.Int32)">
            <summary>Create an Index from the start at the position indicated by the value.</summary>
            <param name="value">The index value from the start.</param>
        </member>
        <member name="M:System.Index.FromEnd(System.Int32)">
            <summary>Create an Index from the end at the position indicated by the value.</summary>
            <param name="value">The index value from the end.</param>
        </member>
        <member name="P:System.Index.Value">
            <summary>Returns the index value.</summary>
        </member>
        <member name="P:System.Index.IsFromEnd">
            <summary>Indicates whether the index is from the start or the end.</summary>
        </member>
        <member name="M:System.Index.GetOffset(System.Int32)">
            <summary>Calculate the offset from the start using the giving collection length.</summary>
            <param name="length">The length of the collection that the Index will be used with. length has to be a positive value</param>
            <remarks>
            For performance reason, we don't validate the input length parameter and the returned offset value against negative values.
            we don't validate either the returned offset is greater than the input length.
            It is expected Index will be used with collections which always have non negative length/count. If the returned offset is negative and
            then used to index a collection will get out of range exception which will be same affect as the validation.
            </remarks>
        </member>
        <member name="M:System.Index.Equals(System.Object)">
            <summary>Indicates whether the current Index object is equal to another object of the same type.</summary>
            <param name="value">An object to compare with this object</param>
        </member>
        <member name="M:System.Index.Equals(System.Index)">
            <summary>Indicates whether the current Index object is equal to another Index object.</summary>
            <param name="other">An object to compare with this object</param>
        </member>
        <member name="M:System.Index.GetHashCode">
            <summary>Returns the hash code for this instance.</summary>
        </member>
        <member name="M:System.Index.op_Implicit(System.Int32)~System.Index">
            <summary>Converts integer number to an Index.</summary>
        </member>
        <member name="M:System.Index.ToString">
            <summary>Converts the value of the current Index object to its equivalent string representation.</summary>
        </member>
        <member name="T:System.Range">
            <summary>Represent a range has start and end indexes.</summary>
            <remarks>
            Range is used by the C# compiler to support the range syntax.
            <code>
            int[] someArray = new int[5] { 1, 2, 3, 4, 5 };
            int[] subArray1 = someArray[0..2]; // { 1, 2 }
            int[] subArray2 = someArray[1..^0]; // { 2, 3, 4, 5 }
            </code>
            </remarks>
        </member>
        <member name="P:System.Range.Start">
            <summary>Represent the inclusive start index of the Range.</summary>
        </member>
        <member name="P:System.Range.End">
            <summary>Represent the exclusive end index of the Range.</summary>
        </member>
        <member name="M:System.Range.#ctor(System.Index,System.Index)">
            <summary>Construct a Range object using the start and end indexes.</summary>
            <param name="start">Represent the inclusive start index of the range.</param>
            <param name="end">Represent the exclusive end index of the range.</param>
        </member>
        <member name="M:System.Range.Equals(System.Object)">
            <summary>Indicates whether the current Range object is equal to another object of the same type.</summary>
            <param name="value">An object to compare with this object</param>
        </member>
        <member name="M:System.Range.Equals(System.Range)">
            <summary>Indicates whether the current Range object is equal to another Range object.</summary>
            <param name="other">An object to compare with this object</param>
        </member>
        <member name="M:System.Range.GetHashCode">
            <summary>Returns the hash code for this instance.</summary>
        </member>
        <member name="M:System.Range.ToString">
            <summary>Converts the value of the current Range object to its equivalent string representation.</summary>
        </member>
        <member name="M:System.Range.StartAt(System.Index)">
            <summary>Create a Range object starting from start index to the end of the collection.</summary>
        </member>
        <member name="M:System.Range.EndAt(System.Index)">
            <summary>Create a Range object starting from first element in the collection to the end Index.</summary>
        </member>
        <member name="P:System.Range.All">
            <summary>Create a Range object starting from first element to the end.</summary>
        </member>
        <member name="M:System.Range.GetOffsetAndLength(System.Int32)">
            <summary>Calculate the start offset and length of range object using a collection length.</summary>
            <param name="length">The length of the collection that the range will be used with. length has to be a positive value.</param>
            <remarks>
            For performance reason, we don't validate the input length parameter against negative values.
            It is expected Range will be used with collections which always have non negative length/count.
            We validate the range is inside the length scope though.
            </remarks>
        </member>
        <member name="T:System.Runtime.CompilerServices.AsyncMethodBuilderAttribute">
            <summary>
            Indicates the type of the async method builder that should be used by a language compiler to
            build the attributed async method or to build the attributed type when used as the return type
            of an async method.
            </summary>
        </member>
        <member name="M:System.Runtime.CompilerServices.AsyncMethodBuilderAttribute.#ctor(System.Type)">
            <summary>Initializes the <see cref="T:System.Runtime.CompilerServices.AsyncMethodBuilderAttribute"/>.</summary>
            <param name="builderType">The <see cref="T:System.Type"/> of the associated builder.</param>
        </member>
        <member name="P:System.Runtime.CompilerServices.AsyncMethodBuilderAttribute.BuilderType">
            <summary>Gets the <see cref="T:System.Type"/> of the associated builder.</summary>
        </member>
        <member name="T:System.Runtime.CompilerServices.CallerArgumentExpressionAttribute">
            <summary>
            An attribute that allows parameters to receive the expression of other parameters.
            </summary>
        </member>
        <member name="M:System.Runtime.CompilerServices.CallerArgumentExpressionAttribute.#ctor(System.String)">
            <summary>
            Initializes a new instance of the <see cref="T:System.Runtime.CompilerServices.CallerArgumentExpressionAttribute"/> class.
            </summary>
            <param name="parameterName">The condition parameter value.</param>
        </member>
        <member name="P:System.Runtime.CompilerServices.CallerArgumentExpressionAttribute.ParameterName">
            <summary>
            Gets the parameter name the expression is retrieved from.
            </summary>
        </member>
        <member name="T:System.Runtime.CompilerServices.CompilerFeatureRequiredAttribute">
            <summary>
            Indicates that compiler support for a particular feature is required for the location where this attribute is applied.
            </summary>
        </member>
        <member name="M:System.Runtime.CompilerServices.CompilerFeatureRequiredAttribute.#ctor(System.String)">
            <summary>
            Creates a new instance of the <see cref="T:System.Runtime.CompilerServices.CompilerFeatureRequiredAttribute"/> type.
            </summary>
            <param name="featureName">The name of the feature to indicate.</param>
        </member>
        <member name="P:System.Runtime.CompilerServices.CompilerFeatureRequiredAttribute.FeatureName">
            <summary>
            The name of the compiler feature.
            </summary>
        </member>
        <member name="P:System.Runtime.CompilerServices.CompilerFeatureRequiredAttribute.IsOptional">
            <summary>
            If true, the compiler can choose to allow access to the location where this attribute is applied if it does not understand <see cref="P:System.Runtime.CompilerServices.CompilerFeatureRequiredAttribute.FeatureName"/>.
            </summary>
        </member>
        <member name="F:System.Runtime.CompilerServices.CompilerFeatureRequiredAttribute.RefStructs">
            <summary>
            The <see cref="P:System.Runtime.CompilerServices.CompilerFeatureRequiredAttribute.FeatureName"/> used for the ref structs C# feature.
            </summary>
        </member>
        <member name="F:System.Runtime.CompilerServices.CompilerFeatureRequiredAttribute.RequiredMembers">
            <summary>
            The <see cref="P:System.Runtime.CompilerServices.CompilerFeatureRequiredAttribute.FeatureName"/> used for the required members C# feature.
            </summary>
        </member>
        <member name="T:System.Runtime.CompilerServices.InterpolatedStringHandlerArgumentAttribute">
            <summary>
            Indicates which arguments to a method involving an interpolated string handler should be passed to that handler.
            </summary>
        </member>
        <member name="M:System.Runtime.CompilerServices.InterpolatedStringHandlerArgumentAttribute.#ctor(System.String)">
            <summary>
            Initializes a new instance of the <see cref="T:System.Runtime.CompilerServices.InterpolatedStringHandlerArgumentAttribute"/> class.
            </summary>
            <param name="argument">The name of the argument that should be passed to the handler.</param>
            <remarks><see langword="null"/> may be used as the name of the receiver in an instance method.</remarks>
        </member>
        <member name="M:System.Runtime.CompilerServices.InterpolatedStringHandlerArgumentAttribute.#ctor(System.String[])">
            <summary>
            Initializes a new instance of the <see cref="T:System.Runtime.CompilerServices.InterpolatedStringHandlerArgumentAttribute"/> class.
            </summary>
            <param name="arguments">The names of the arguments that should be passed to the handler.</param>
            <remarks><see langword="null"/> may be used as the name of the receiver in an instance method.</remarks>
        </member>
        <member name="P:System.Runtime.CompilerServices.InterpolatedStringHandlerArgumentAttribute.Arguments">
            <summary>
            Gets the names of the arguments that should be passed to the handler.
            </summary>
            <remarks><see langword="null"/> may be used as the name of the receiver in an instance method.</remarks>
        </member>
        <member name="T:System.Runtime.CompilerServices.InterpolatedStringHandlerAttribute">
            <summary>
            Indicates the attributed type is to be used as an interpolated string handler.
            </summary>
        </member>
        <member name="T:System.Runtime.CompilerServices.ModuleInitializerAttribute">
             <summary>
             Used to indicate to the compiler that a method should be called
             in its containing module's initializer.
             </summary>
             <remarks>
             When one or more valid methods
             with this attribute are found in a compilation, the compiler will
             emit a module initializer which calls each of the attributed methods.
            
             Certain requirements are imposed on any method targeted with this attribute:
             - The method must be `static`.
             - The method must be an ordinary member method, as opposed to a property accessor, constructor, local function, etc.
             - The method must be parameterless.
             - The method must return `void`.
             - The method must not be generic or be contained in a generic type.
             - The method's effective accessibility must be `internal` or `public`.
            
             The specification for module initializers in the .NET runtime can be found here:
             https://github.com/dotnet/runtime/blob/main/docs/design/specs/Ecma-335-Augments.md#module-initializer
             </remarks>
        </member>
        <member name="T:System.Runtime.CompilerServices.RequiredMemberAttribute">
            <summary>
            Specifies that a type has required members or that a member is required.
            </summary>
        </member>
        <member name="T:System.Runtime.CompilerServices.SkipLocalsInitAttribute">
            <summary>
            Used to indicate to the compiler that the <c>.locals init</c> flag should not be set in method headers.
            </summary>
        </member>
        <member name="M:System.Runtime.Versioning.RequiresPreviewFeaturesAttribute.#ctor">
            <summary>
            Initializes a new instance of the <see cref="T:System.Runtime.Versioning.RequiresPreviewFeaturesAttribute"/> class.
            </summary>
        </member>
        <member name="M:System.Runtime.Versioning.RequiresPreviewFeaturesAttribute.#ctor(System.String)">
            <summary>
            Initializes a new instance of the <see cref="T:System.Runtime.Versioning.RequiresPreviewFeaturesAttribute"/> class with the specified message.
            </summary>
            <param name="message">An optional message associated with this attribute instance.</param>
        </member>
        <member name="P:System.Runtime.Versioning.RequiresPreviewFeaturesAttribute.Message">
            <summary>
            Returns the optional message associated with this attribute instance.
            </summary>
        </member>
        <member name="P:System.Runtime.Versioning.RequiresPreviewFeaturesAttribute.Url">
            <summary>
            Returns the optional URL associated with this attribute instance.
            </summary>
        </member>
    </members>
</doc>
