<?xml version="1.0"?>
<doc>
    <assembly>
        <name>ToggleableBindings</name>
    </assembly>
    <members>
        <member name="T:System.Index">
            <summary>Represent a type can be used to index a collection either from the start or the end.</summary>
            <remarks>
            Index is used by the C# compiler to support the new index syntax
            <code>
            int[] someArray = new int[5] { 1, 2, 3, 4, 5 } ;
            int lastElement = someArray[^1]; // lastElement = 5
            </code>
            </remarks>
        </member>
        <member name="P:System.Index.Start">
            <summary>
            Create an Index pointing at first element.
            </summary>
        </member>
        <member name="P:System.Index.End">
            <summary>
            Create an Index pointing at beyond last element.
            </summary>
        </member>
        <member name="P:System.Index.Value">
            <summary>
            Returns the index value.
            </summary>
        </member>
        <member name="P:System.Index.IsFromEnd">
            <summary>
            Indicates whether the index is from the start or the end.
            </summary>
        </member>
        <member name="M:System.Index.#ctor(System.Int32,System.Boolean)">
            <summary>Construct an Index using a value and indicating if the index is from the start or from the end.</summary>
            <param name="value">The index value. it has to be zero or positive number.</param>
            <param name="fromEnd">Indicating if the index is from the start or from the end.</param>
            <remarks>
            If the Index constructed from the end, index value 1 means pointing at the last element and index value 0 means pointing at beyond last element.
            </remarks>
        </member>
        <member name="M:System.Index.FromStart(System.Int32)">
            <summary>Create an Index from the start at the position indicated by the value.</summary>
            <param name="value">The index value from the start.</param>
        </member>
        <member name="M:System.Index.FromEnd(System.Int32)">
            <summary>Create an Index from the end at the position indicated by the value.</summary>
            <param name="value">The index value from the end.</param>
        </member>
        <member name="M:System.Index.op_Implicit(System.Int32)~System.Index">
            <summary>
            Converts integer number to an Index.
            </summary>
        </member>
        <member name="M:System.Index.GetOffset(System.Int32)">
            <summary>Calculate the offset from the start using the giving collection length.</summary>
            <param name="length">The length of the collection that the Index will be used with. length has to be a positive value</param>
            <remarks>
            For performance reason, we don't validate the input length parameter and the returned offset value against negative values.
            we don't validate either the returned offset is greater than the input length.
            It is expected Index will be used with collections which always have non negative length/count. If the returned offset is negative and
            then used to index a collection will get out of range exception which will be same affect as the validation.
            </remarks>
        </member>
        <member name="M:System.Index.Equals(System.Object)">
            <summary>
            Indicates whether the current Index object is equal to another object of the same type.
            </summary>
            <param name="value">An object to compare with this object</param>
        </member>
        <member name="M:System.Index.Equals(System.Index)">
            <summary>Indicates whether the current Index object is equal to another Index object.</summary>
            <param name="other">An object to compare with this object</param>
        </member>
        <member name="M:System.Index.GetHashCode">
            <summary>
            Returns the hash code for this instance.
            </summary>
        </member>
        <member name="M:System.Index.ToString">
            <summary>
            Converts the value of the current Index object to its equivalent string representation.
            </summary>
        </member>
        <member name="T:System.Runtime.CompilerServices.IsExternalInit">
            <summary>
            Reserved to be used by the compiler for tracking metadata.
            This class should not be used by developers in source code.
            </summary>
        </member>
        <member name="M:System.Runtime.CompilerServices.RuntimeHelpers.GetSubArray``1(``0[],System.Range)">
            <summary>
            Slices the specified array using the specified range.
            </summary>
        </member>
        <member name="T:System.Runtime.CompilerServices.SkipLocalsInitAttribute">
            <summary>
            Used to indicate to the compiler that the <c>.locals init</c> flag should not be set in method headers.
            </summary>
            <remarks>Internal copy of the .NET 5 attribute.</remarks>
        </member>
        <member name="T:System.Range">
            <summary>
            Represents a range that has start and end indexes.
            </summary>
            <remarks>
            Range is used by the C# compiler to support the range syntax.
            <code>
            int[] someArray = new int[5] { 1, 2, 3, 4, 5 };
            int[] subArray1 = someArray[0..2]; // { 1, 2 }
            int[] subArray2 = someArray[1..^0]; // { 2, 3, 4, 5 }
            </code>
            </remarks>
        </member>
        <member name="P:System.Range.All">
            <summary>
            Create a Range object starting from first element to the end.
            </summary>
        </member>
        <member name="P:System.Range.Start">
            <summary>
            Represent the inclusive start index of the Range.
            </summary>
        </member>
        <member name="P:System.Range.End">
            <summary>
            Represent the exclusive end index of the Range.
            </summary>
        </member>
        <member name="M:System.Range.#ctor(System.Index,System.Index)">
            <summary>
            Construct a Range object using the start and end indexes.
            </summary>
            <param name="start">Represent the inclusive start index of the range.</param>
            <param name="end">Represent the exclusive end index of the range.</param>
        </member>
        <member name="M:System.Range.StartAt(System.Index)">
            <summary>
            Create a Range object starting from start index to the end of the collection.
            </summary>
        </member>
        <member name="M:System.Range.EndAt(System.Index)">
            <summary>
            Create a Range object starting from first element in the collection to the end Index.
            </summary>
        </member>
        <member name="M:System.Range.Equals(System.Object)">
            <summary>
            Indicates whether the current Range object is equal to another object of the same type.
            </summary>
            <param name="value">An object to compare with this object</param>
        </member>
        <member name="M:System.Range.Equals(System.Range)">
            <summary>
            Indicates whether the current Range object is equal to another Range object.
            </summary>
            <param name="other">An object to compare with this object</param>
        </member>
        <member name="M:System.Range.GetHashCode">
            <summary>
            Returns the hash code for this instance.
            </summary>
        </member>
        <member name="M:System.Range.ToString">
            <summary>
            Converts the value of the current Range object to its equivalent string representation.
            </summary>
        </member>
        <member name="M:System.Range.GetOffsetAndLength(System.Int32)">
            <summary>
            Calculate the start offset and length of range object using a collection length.
            </summary>
            <param name="length">The length of the collection that the range will be used with. length has to be a positive value.</param>
            <remarks>
            For performance reason, we don't validate the input length parameter against negative values.
            It is expected Range will be used with collections which always have non negative length/count.
            We validate the range is inside the length scope though.
            </remarks>
        </member>
        <member name="T:ToggleableBindings.Binding">
            <summary>
            Represents a binding - a modifier that changes the game in some way when active.
            <para>
            The members of a binding are serialized to the save settings file on an opt-in basis.
            If you want a non-static field or property to be saved and loaded with a save file,
            mark it with <see cref="T:Newtonsoft.Json.JsonPropertyAttribute"/>.
            </para>
            </summary>
        </member>
        <member name="E:ToggleableBindings.Binding.Applied">
            <summary>
            Invoked when this binding is applied.
            </summary>
        </member>
        <member name="E:ToggleableBindings.Binding.Restored">
            <summary>
            Invoked when this binding is restored.
            </summary>
        </member>
        <member name="P:ToggleableBindings.Binding.ID">
            <summary>
            Gets the ID of this binding. Output is of the format '<c>Assembly::BindingTypeName</c>'.
            <para/>
            Example: <c>ToggleableBindings::<see cref="T:ToggleableBindings.VanillaBindings.NailBinding"/></c>
            </summary>
        </member>
        <member name="P:ToggleableBindings.Binding.Name">
            <summary>
            Gets the display name of this binding.
            This is automatically forced into uppercase when displayed in the bindings menu.
            </summary>
        </member>
        <member name="P:ToggleableBindings.Binding.IsApplied">
            <summary>
            Gets whether this binding is currently applied.
            </summary>
        </member>
        <member name="P:ToggleableBindings.Binding.IsVanillaBinding">
            <summary>
            Gets whether this binding is considered a base game binding.
            </summary>
        </member>
        <member name="P:ToggleableBindings.Binding.DefaultSprite">
            <summary>
            Gets the sprite used for the binding button's default state in the UI.
            <br/>
            If <see langword="null"/>, uses a default placeholder.
            </summary>
        </member>
        <member name="P:ToggleableBindings.Binding.SelectedSprite">
            <summary>
            Gets the sprite used for the binding button's selected state in the UI.
            <br/>
            If <see langword="null"/>, uses a default placeholder.
            </summary>
        </member>
        <member name="P:ToggleableBindings.Binding.WasApplied">
            <summary>
            Gets whether this binding was applied when a save was saved. Can be used to adjust
            <see cref="M:ToggleableBindings.Binding.OnApplied"/> accordingly if needed.
            This property is set when the binding is serialized.
            </summary>
        </member>
        <member name="M:ToggleableBindings.Binding.#ctor(System.String)">
            <summary>
            Creates a new binding with the specified name.
            </summary>
            <param name="name">The name of the binding.</param>
        </member>
        <member name="M:ToggleableBindings.Binding.CanBeApplied">
            <summary>
            Checks to see whether this binding should currently be able to be applied.
            Note that this does not directly prevent <see cref="M:ToggleableBindings.Binding.Apply"/> from being called; this
            is more to check if a player should be prevented from enabling the binding.
            <br/>
            The binding may, at any time, be applied regardless of the
            result of this method. If a player sets the setting <see cref="P:ToggleableBindings.ToggleableBindings.EnforceBindingRestrictions"/>
            to <see langword="false"/>, it will stop this method from being called as well.
            <para>
            Base behavior is to return <see langword="true"/> when the player is
            within 10 units of a bench and <see langword="false"/> otherwise.
            </para>
            </summary>
            <returns>
            A <see cref="T:ToggleableBindings.Utility.ResultInfo`1"/> of type <see cref="T:System.Boolean"/> containing:
            <br/>
            • <see langword="false"/> if the player should currently be prevented from applying
            this binding, along with a descriptive, user-facing string indicating the reason.
            <br/>
            • <see langword="true"/> otherwise.
            </returns>
        </member>
        <member name="M:ToggleableBindings.Binding.CanBeRestored">
            <summary>
            Checks to see whether this binding should currently be able to be restored.
            Note that this does not directly prevent <see cref="M:ToggleableBindings.Binding.Restore"/> from being called; this
            is more to check if a player should be prevented from disabling the binding.
            <br/>
            The binding may, at any time, be restored regardless of the
            result of this method, such as when a save is exited. If a player sets the setting <see cref="P:ToggleableBindings.ToggleableBindings.EnforceBindingRestrictions"/>
            to <see langword="false"/>, it will stop this method from being called as well.
            <para>
            Base behavior is to return <see langword="true"/> when the player is
            within 10 units of a bench and <see langword="false"/> otherwise.
            </para>
            </summary>
            <returns>
            A <see cref="T:ToggleableBindings.Utility.ResultInfo`1"/> of type <see cref="T:System.Boolean"/> containing:
            <br/>
            • <see langword="false"/> if the player should currently be prevented from restoring
            this binding, along with a descriptive, user-facing string indicating the reason.
            <br/>
            • <see langword="true"/> otherwise.
            </returns>
        </member>
        <member name="M:ToggleableBindings.Binding.Apply">
            <summary>
            Applies this binding, enabling its effects.
            <para>
            Bindings should be registered with <see cref="T:ToggleableBindings.BindingManager"/> before
            being applied or restored.
            </para>
            </summary>
        </member>
        <member name="M:ToggleableBindings.Binding.Restore">
            <summary>
            Restores this binding, disabling its effects.
            <para><inheritdoc cref="M:ToggleableBindings.Binding.Apply"/></para>
            </summary>
        </member>
        <member name="M:ToggleableBindings.Binding.OnApplied">
            <summary>
            Executed when <see cref="M:ToggleableBindings.Binding.Apply"/> is called only if the binding is not applied.
            <see cref="E:ToggleableBindings.Binding.Applied"/> is invoked after this method is called.
            </summary>
        </member>
        <member name="M:ToggleableBindings.Binding.OnRestored">
            <summary>
            Executed when <see cref="M:ToggleableBindings.Binding.Restore"/> is called only if the binding is applied.
            <see cref="E:ToggleableBindings.Binding.Restored"/> is invoked after this method is called.
            <para>
            <list type="number">
                <listheader>
                    <term>IMPORTANT</term>
                    <description>This method should have two guarantees:</description>
                </listheader>
                <item>
                    <term>Fresh state</term> 
                    <description>This means that the binding should be put into a 'just initialized' state.</description>
                </item>
                <item>
                    <term>Finish before game save</term>
                    <description>
                        Any work this method does that touches player data which is saved to the normal game save file should be finished before that file is saved.
                        Even a single 'yield return null' coroutine will cause this to fail.
                    </description>
                </item>
            </list>
            Failure to respect either one of these guarantees will cause issues in some circumstances.
            </para>
            </summary>
        </member>
        <member name="T:ToggleableBindings.BindingEventHandler">
            <summary>
            Represents a delegate for handing events dealing with <see cref="T:ToggleableBindings.Binding"/> objects.
            </summary>
            <param name="binding">The binding.</param>
        </member>
        <member name="T:ToggleableBindings.BindingManager">
            <summary>
            Manages bindings and provides methods for retrieving, applying, and restoring them.
            </summary>
        </member>
        <member name="E:ToggleableBindings.BindingManager.BindingRegistered">
            <summary>
            Invoked when a binding is successfully registered.
            </summary>
        </member>
        <member name="E:ToggleableBindings.BindingManager.BindingDeregistered">
            <summary>
            Invoked when a binding is successfully deregistered.
            </summary>
        </member>
        <member name="E:ToggleableBindings.BindingManager.BindingApplied">
            <summary>
            Invoked when a registered binding is applied (enabled).
            </summary>
        </member>
        <member name="E:ToggleableBindings.BindingManager.BindingRestored">
            <summary>
            Invoked when a registered binding is restored (disabled).
            </summary>
        </member>
        <member name="P:ToggleableBindings.BindingManager.RegisteredBindings">
            <summary>
            Gets a read-only dictionary that provides a view of the currently registered binding types and their associated binding objects.
            </summary>
        </member>
        <member name="M:ToggleableBindings.BindingManager.IsBindingRegistered(ToggleableBindings.Binding)">
            <summary>
            Checks whether the specified binding is registered.
            <para/>
            Note that this will check if the type of <paramref name="binding"/> is registered first
            and then check for reference equality between the
            specified binding and the registered binding.
            </summary>
            <param name="binding">The binding to check for.</param>
            <returns>
            <see langword="true"/> if the specified binding is registered; otherwise, <see langword="false"/>.
            Returns <see langword="false"/> if the type is registered but the registered binding isn't the
            same reference as <paramref name="binding"/>.
            </returns>
            <exception cref="T:System.ArgumentNullException"/>
        </member>
        <member name="M:ToggleableBindings.BindingManager.IsBindingRegistered(System.Type)">
            <summary>
            Checks whether a binding of the specified type is registered.
            </summary>
            <param name="bindingType">The type of the binding to check for.</param>
            <returns><see langword="true"/> if a binding of the specified type is registered; otherwise, <see langword="false"/>.</returns>
            <exception cref="T:System.ArgumentException"/>
            <exception cref="T:System.ArgumentNullException"/>
        </member>
        <member name="M:ToggleableBindings.BindingManager.IsBindingRegistered(System.String)">
            <summary>
            Checks whether a binding with the specified ID is registered.
            </summary>
            <param name="bindingID">The ID of the binding to check for.</param>
            <returns><see langword="true"/> if a binding with the specified ID is registered; otherwise, <see langword="false"/>.</returns>
            <exception cref="T:System.ArgumentNullException"/>
        </member>
        <member name="M:ToggleableBindings.BindingManager.IsBindingRegistered``1">
            <typeparam name="T"><inheritdoc cref="M:ToggleableBindings.BindingManager.IsBindingRegistered(System.Type)" path="/param[1]"/></typeparam>
            <exception cref="T:ToggleableBindings.Exceptions.TypeArgumentException"/>
            <inheritdoc cref="M:ToggleableBindings.BindingManager.IsBindingRegistered(System.Type)" path="/*[not(self::exception)]"/>
        </member>
        <member name="M:ToggleableBindings.BindingManager.RegisterBinding(ToggleableBindings.Binding)">
            <summary>
            Registers the specified binding. Only one binding of a given type
            can be registered at a time.
            <para>
            Registering a binding allows it to be applied and restored by the player
            from the bindings menu.
            </para>
            </summary>
            <param name="binding">The binding to register.</param>
            <exception cref="T:System.ArgumentNullException"/>
            <exception cref="T:System.InvalidOperationException"/>
        </member>
        <member name="M:ToggleableBindings.BindingManager.RegisterBinding``1">
            <summary>
            Registers a new binding of the specified type. Only one binding of a given type can be registered at a time.
            <para><inheritdoc cref="M:ToggleableBindings.BindingManager.RegisterBinding(ToggleableBindings.Binding)"/></para>
            </summary>
            <typeparam name="T">The type of binding to create and register.</typeparam>
            <exception cref="T:System.InvalidOperationException"/>
            <exception cref="T:ToggleableBindings.Exceptions.TypeArgumentException"/>
        </member>
        <member name="M:ToggleableBindings.BindingManager.DeregisterBinding(ToggleableBindings.Binding)">
            <summary>
            Deregisters the specified binding.
            <para>
            Note: Bindings should generally not be deregistered except in cases 
            such as when unloading a mod.
            If you'd like to control whether or not they can be used
            by the player, you should use <see cref="M:ToggleableBindings.Binding.CanBeApplied"/> instead.
            </para>
            </summary>
            <param name="binding">The binding to deregister.</param>
            <exception cref="T:System.ArgumentNullException"/>
            <exception cref="T:System.InvalidOperationException"/>
        </member>
        <member name="M:ToggleableBindings.BindingManager.DeregisterBinding(System.Type)">
            <summary>
            Deregisters the binding of the specified type.
            <para><inheritdoc cref="M:ToggleableBindings.BindingManager.DeregisterBinding(ToggleableBindings.Binding)"/></para>
            </summary>
            <param name="bindingType">The type of the binding to deregister.</param>
            <exception cref="T:System.ArgumentException"/>
            <exception cref="T:System.ArgumentNullException"/>
            <exception cref="T:System.InvalidOperationException"/>
        </member>
        <member name="M:ToggleableBindings.BindingManager.DeregisterBinding(System.String)">
            <summary>
            Deregisters the binding with the specified ID.
            <para><inheritdoc cref="M:ToggleableBindings.BindingManager.DeregisterBinding(ToggleableBindings.Binding)"/></para>
            </summary>
            <param name="bindingID">The ID of the binding to deregister.</param>
            <exception cref="T:System.ArgumentNullException"/>
            <exception cref="T:System.InvalidOperationException"/>
        </member>
        <member name="M:ToggleableBindings.BindingManager.DeregisterBinding``1">
            <typeparam name="T"><inheritdoc cref="M:ToggleableBindings.BindingManager.DeregisterBinding(System.Type)" path="/param[1]"/></typeparam>
            <exception cref="T:System.InvalidOperationException"/>
            <exception cref="T:ToggleableBindings.Exceptions.TypeArgumentException"/>
            <inheritdoc cref="M:ToggleableBindings.BindingManager.DeregisterBinding(System.Type)" path="/*[not(self::exception)]"/>
        </member>
        <member name="M:ToggleableBindings.BindingManager.GetBinding(System.Type)">
            <summary>
            Gets the registered binding of the specified type.
            </summary>
            <param name="bindingType">The type of the binding to get.</param>
            <returns>The registered binding of the specified type.</returns>
            <exception cref="T:System.ArgumentException"/>
            <exception cref="T:System.ArgumentNullException"/>
            <exception cref="T:System.InvalidOperationException"/>
        </member>
        <member name="M:ToggleableBindings.BindingManager.GetBinding(System.String)">
            <summary>
            Gets the registered binding with the specified ID.
            </summary>
            <param name="bindingID">The ID of the binding to get.</param>
            <returns>The registered binding with the specified ID.</returns>
            <exception cref="T:System.ArgumentNullException"/>
            <exception cref="T:System.InvalidOperationException"/>
        </member>
        <member name="M:ToggleableBindings.BindingManager.GetBinding``1">
            <typeparam name="T"><inheritdoc cref="M:ToggleableBindings.BindingManager.GetBinding(System.Type)" path="/param[1]"/></typeparam>
            <exception cref="T:System.InvalidOperationException"/>
            <exception cref="T:ToggleableBindings.Exceptions.TypeArgumentException"/>
            <inheritdoc cref="M:ToggleableBindings.BindingManager.GetBinding(System.Type)" path="/*[not(self::exception)]"/>
        </member>
        <member name="M:ToggleableBindings.BindingManager.TryGetBinding(System.Type,ToggleableBindings.Binding@)">
            <summary>
            Attempts to get the registered binding of the specified type.
            </summary>
            <param name="bindingType"><inheritdoc cref="M:ToggleableBindings.BindingManager.GetBinding(System.Type)"/></param>
            <param name="value">If successful, the matched binding; otherwise, <see langword="null"/>.</param>
            <returns><see langword="true"/> if a binding of the specified type was found; otherwise, <see langword="false"/>.</returns>
        </member>
        <member name="M:ToggleableBindings.BindingManager.TryGetBinding(System.String,ToggleableBindings.Binding@)">
            <summary>
            Attempts to get a registered binding with the specified ID.
            </summary>
            <param name="bindingID"><inheritdoc cref="M:ToggleableBindings.BindingManager.GetBinding(System.String)" path="/param[1]"/></param>
            <returns><see langword="true"/> if a binding with the specified name was found; otherwise, <see langword="false"/>.</returns>
            <inheritdoc cref="M:ToggleableBindings.BindingManager.TryGetBinding(System.Type,ToggleableBindings.Binding@)"/>
        </member>
        <member name="M:ToggleableBindings.BindingManager.TryGetBinding``1(``0@)">
            <typeparam name="T"><inheritdoc cref="M:ToggleableBindings.BindingManager.TryGetBinding(System.Type,ToggleableBindings.Binding@)" path="/param[1]"/></typeparam>
            <inheritdoc cref="M:ToggleableBindings.BindingManager.TryGetBinding(System.Type,ToggleableBindings.Binding@)"/>
        </member>
        <member name="M:ToggleableBindings.BindingManager.ApplyBinding(System.Type)">
            <summary>
            Applies the registered binding of the specified type.
            </summary>
            <param name="bindingType">The type of the binding to apply.</param>
            <exception cref="T:System.ArgumentException"/>
            <exception cref="T:System.ArgumentNullException"/>
            <exception cref="T:System.InvalidOperationException"/>
        </member>
        <member name="M:ToggleableBindings.BindingManager.ApplyBinding(System.String)">
            <summary>
            Applies the registered binding with the specified ID.
            </summary>
            <param name="bindingID">The ID of the binding to apply.</param>
            <exception cref="T:System.ArgumentNullException"/>
            <exception cref="T:System.InvalidOperationException"/>
        </member>
        <member name="M:ToggleableBindings.BindingManager.ApplyBinding``1">
            <typeparam name="T"><inheritdoc cref="M:ToggleableBindings.BindingManager.ApplyBinding(System.Type)" path="/param[1]"/></typeparam>
            <exception cref="T:System.InvalidOperationException"/>
            <exception cref="T:ToggleableBindings.Exceptions.TypeArgumentException"/>
            <inheritdoc cref="M:ToggleableBindings.BindingManager.ApplyBinding(System.Type)" path="/*[not(self::exception)]"/>
        </member>
        <member name="M:ToggleableBindings.BindingManager.RestoreBinding(System.Type)">
            <summary>
            Restores the registered binding of the specified type.
            </summary>
            <param name="bindingType">The type of the binding to restore.</param>
            <exception cref="T:System.ArgumentException"/>
            <exception cref="T:System.ArgumentNullException"/>
            <exception cref="T:System.InvalidOperationException"/>
        </member>
        <member name="M:ToggleableBindings.BindingManager.RestoreBinding(System.String)">
            <summary>
            Restores the registered binding with the specified ID.
            </summary>
            <param name="bindingID">The ID of the binding to restore.</param>
            <exception cref="T:System.ArgumentNullException"/>
            <exception cref="T:System.InvalidOperationException"/>
        </member>
        <member name="M:ToggleableBindings.BindingManager.RestoreBinding``1">
            <typeparam name="T"><inheritdoc cref="M:ToggleableBindings.BindingManager.RestoreBinding(System.Type)" path="/param[1]"/></typeparam>
            <exception cref="T:System.InvalidOperationException"/>
            <exception cref="T:ToggleableBindings.Exceptions.TypeArgumentException"/>
            <inheritdoc cref="M:ToggleableBindings.BindingManager.RestoreBinding(System.Type)" path="/*[not(self::exception)]"/>
        </member>
        <member name="M:ToggleableBindings.BindingManager.RestoreAllBindings">
            <summary>
            Restores all registered bindings.
            </summary>
        </member>
        <member name="M:ToggleableBindings.BindingManager.SetActiveBindings(System.Collections.Generic.IEnumerable{ToggleableBindings.Binding})">
            <summary>
            Applies and restores the registered bindings such that the specified list of bindings
            are the only bindings that are applied.
            </summary>
            <param name="bindings">The bindings to ensure are applied.</param>
        </member>
        <member name="M:ToggleableBindings.BindingManager.SetActiveBindings(System.Collections.Generic.IEnumerable{System.Type})">
            <summary>
            Applies and restores the registered bindings such that the specified list of types
            are the only bindings that are applied.
            </summary>
            <param name="bindingTypes">The types of bindings to ensure are applied.</param>
        </member>
        <member name="M:ToggleableBindings.BindingManager.TypeIsValidBinding(System.Type,System.String)">
            <summary>
            Checks that the passed type != null,
            is not equal to 'typeof(<see cref="T:ToggleableBindings.Binding"/>)',
            and inherits from <see cref="T:ToggleableBindings.Binding"/>.
            </summary>
            <param name="type">The type to check.</param>
            <param name="paramName">The name of the parameter to show for argument exceptions.</param>
            <returns>
            <see cref="P:ToggleableBindings.Utility.TryResult.Success"/> if successful;
            otherwise, a <see cref="T:ToggleableBindings.Utility.TryResult"/> containing the exception that would have been thrown.
            </returns>
            <exception cref="T:System.ArgumentException"/>
            <exception cref="T:System.ArgumentNullException"/>
        </member>
        <member name="M:ToggleableBindings.BindingManager.TypeIsValidBinding``1(System.String)">
            <typeparam name="T"></typeparam>
            <exception cref="T:ToggleableBindings.Exceptions.TypeArgumentException"/>
            <inheritdoc cref="M:ToggleableBindings.BindingManager.TypeIsValidBinding(System.Type,System.String)" path="/*[not(self::exception)]"/>
        </member>
        <member name="M:ToggleableBindings.BindingManager.TypeIsRegisteredBinding(System.Type)">
            <summary>
            Checks that the passed type is in the dictionary of registered bindings.
            </summary>
            <param name="type">The type to check.</param>
            <returns><inheritdoc cref="M:ToggleableBindings.BindingManager.TypeIsValidBinding(System.Type,System.String)"/></returns>
            <exception cref="T:System.InvalidOperationException"/>
        </member>
        <member name="M:ToggleableBindings.BindingManager.IDIsRegisteredBinding(System.String)">
            <summary>
            Checks that the passed ID is in the ID-to-type map.
            </summary>
            <param name="id">The ID to check.</param>
            <returns><inheritdoc cref="M:ToggleableBindings.BindingManager.TypeIsRegisteredBinding(System.Type)"/></returns>
            <exception cref="T:System.InvalidOperationException"/>
        </member>
        <member name="M:ToggleableBindings.BindingManager.TypeIsRegisteredBinding``1">
            <typeparam name="T"><inheritdoc cref="M:ToggleableBindings.BindingManager.TypeIsRegisteredBinding(System.Type)" path="/param[1]"/></typeparam>
            <inheritdoc cref="M:ToggleableBindings.BindingManager.TypeIsRegisteredBinding(System.Type)"/>
        </member>
        <member name="T:ToggleableBindings.Extensions.ComponentExtensions">
            <summary>
            Extensions for working with <see cref="T:UnityEngine.Component"/> objects.
            </summary>
        </member>
        <member name="M:ToggleableBindings.Extensions.ComponentExtensions.CopyFrom``1(``0,``0,System.Boolean,System.Reflection.BindingFlags)">
            <summary>
            Copies all member values from the source component to this component.
            </summary>
            <typeparam name="T">The type of the components.</typeparam>
            <param name="component">The component to copy to.</param>
            <param name="source">The source component to copy values from.</param>
            <param name="replaceSelfGORefs">
            If <see langword="true"/>, replace references the source component has to its parent <see cref="T:UnityEngine.GameObject"/>
            with references to this component's <see cref="T:UnityEngine.GameObject"/>.
            </param>
            <param name="reflFlags">The flags that specify what types of members are replaced.</param>
            <returns>This component with its values set to the values from the source component.</returns>
        </member>
        <member name="T:ToggleableBindings.Extensions.DictionaryExtensions">
            <summary>
            Extensions for working with <see cref="T:System.Collections.Generic.IDictionary`2"/> objects.
            </summary>
        </member>
        <member name="M:ToggleableBindings.Extensions.DictionaryExtensions.GetValueOrDefault``2(System.Collections.Generic.IDictionary{``0,``1},``0,``1)">
            <summary>
            Gets the value at the specified key or <paramref name="defaultValue"/> if the key was not found.
            </summary>
            <typeparam name="TKey">The type of keys.</typeparam>
            <typeparam name="TValue">The type of values.</typeparam>
            <param name="dictionary">The dictionary.</param>
            <param name="key">The key to get.</param>
            <param name="defaultValue">The default value to return if <paramref name="key"/> did not exist within the dictionary.</param>
            <returns>The value at the specified key, or <paramref name="defaultValue"/> if <paramref name="key"/> did not exist in <paramref name="dictionary"/>.</returns>
        </member>
        <member name="T:ToggleableBindings.Extensions.EnumerableExtensions">
            <summary>
            Extensions for working with <see cref="T:System.Collections.IEnumerable"/> and <see cref="T:System.Collections.Generic.IEnumerable`1"/> objects.
            </summary>
        </member>
        <member name="M:ToggleableBindings.Extensions.EnumerableExtensions.AsGeneric(System.Collections.IEnumerable)">
            <summary>
            Gets the specified <see cref="T:System.Collections.IEnumerable"/> as a generic <see cref="T:System.Collections.Generic.IEnumerable`1"/> of type <see cref="T:System.Object"/>.
            </summary>
            <param name="collection">The non-generic collection.</param>
            <returns>A generic version of the specified collection.</returns>
        </member>
        <member name="M:ToggleableBindings.Extensions.EnumerableExtensions.AsGeneric``1(System.Collections.IEnumerable)">
            <summary>
            Gets the specified <see cref="T:System.Collections.IEnumerable"/> as a generic <see cref="T:System.Collections.Generic.IEnumerable`1"/>.
            </summary>
            <typeparam name="T">The type of values.</typeparam>
            <param name="collection">The non-generic collection</param>
            <returns>A generic version of the specified collection.</returns>
        </member>
        <member name="M:ToggleableBindings.Extensions.EnumerableExtensions.Concat``1(System.Collections.Generic.IEnumerable{``0},``0)">
            <summary>
            Concatenates the specified item to the end of the given collection.
            </summary>
            <typeparam name="T">The type of values.</typeparam>
            <param name="collection">The collection to concatenate to.</param>
            <param name="item">The item to concatenate.</param>
            <returns>The specified enumerable with <paramref name="item"/> appended to the end.</returns>
        </member>
        <member name="T:ToggleableBindings.Extensions.GameObjectExtensions">
            <summary>
            Extensions for Unity game objects.
            </summary>
        </member>
        <member name="M:ToggleableBindings.Extensions.GameObjectExtensions.GetParent(UnityEngine.GameObject)">
            <summary>
            Gets the parent of this game object.
            </summary>
            <param name="gameObject">The game object.</param>
            <returns>The parent of the object, or <see langword="null"/> if the object has no parent.</returns>
        </member>
        <member name="M:ToggleableBindings.Extensions.GameObjectExtensions.SetParent(UnityEngine.GameObject,UnityEngine.GameObject,System.Boolean)">
            <summary>
            Sets the parent of this game object.
            </summary>
            <param name="gameObject">The game object.</param>
            <param name="parent">The new parent of the object.</param>
            <param name="worldPositionStays">Whether the object should keep its world position.</param>
        </member>
        <member name="M:ToggleableBindings.Extensions.GameObjectExtensions.GetComponentInChild``1(UnityEngine.GameObject,System.String)">
            <summary>
            Gets the component of the given type on the child at the specified path in this game object.
            </summary>
            <typeparam name="T">The type of component.</typeparam>
            <param name="gameObject">The game object.</param>
            <param name="childPath">The path of the child in this game object.</param>
            <returns>The component of the given type on the found child.</returns>
        </member>
        <member name="M:ToggleableBindings.Extensions.GameObjectExtensions.FindChild(UnityEngine.GameObject,System.String)">
            <summary>
            Finds the child of this game object. Shorthand for <see cref="M:UnityEngine.Transform.Find(System.String)"/>.
            </summary>
            <param name="gameObject">The game object.</param>
            <param name="childPath">The path of the child to find.</param>
            <returns>The game object at the specified path.</returns>
        </member>
        <member name="M:ToggleableBindings.Extensions.GameObjectExtensions.RemoveComponent(UnityEngine.GameObject,System.Type)">
            <summary>
            Removes a component of the specified type from this game object.
            </summary>
            <param name="go">The game object to remove a component from.</param>
            <param name="componentType">The type of component.</param>
        </member>
        <member name="M:ToggleableBindings.Extensions.GameObjectExtensions.RemoveComponent``1(UnityEngine.GameObject)">
            <typeparam name="T">The type of component to remove.</typeparam>
            <inheritdoc cref="M:ToggleableBindings.Extensions.GameObjectExtensions.RemoveComponent(UnityEngine.GameObject,System.Type)"/>
        </member>
        <member name="M:ToggleableBindings.Extensions.GameObjectExtensions.IsPrefab(UnityEngine.GameObject)">
            <summary>
            Checks to see if this game object is a prefab. Not tested.
            </summary>
            <param name="go">The object to check.</param>
            <returns><see langword="true"/> if this object is a Unity prefab; otherwise, <see langword="false"/>.</returns>
        </member>
        <member name="T:ToggleableBindings.Extensions.ReflectionExtensions">
            <summary>
            Extensions for working with reflection.
            </summary>
        </member>
        <member name="T:ToggleableBindings.FakePrefab">
            <summary>
            Attempts to emulate a Unity prefab, for convenience sake.
            </summary>
        </member>
        <member name="P:ToggleableBindings.FakePrefab.Name">
            <summary>
            Gets the name of this prefab without the prefix.
            </summary>
        </member>
        <member name="P:ToggleableBindings.FakePrefab.UnsafeGameObject">
            <summary>
            Returns the original game object passed to this prefab.
            Ensure you do not modify this object or its components in any way.
            </summary>
        </member>
        <member name="M:ToggleableBindings.FakePrefab.#ctor(UnityEngine.GameObject,System.String,System.Boolean)">
            <summary>
            Creates a prefab out of an existing game object.
            <para>
            Note that <paramref name="original"/> will be instantiated for this prefab's internal use.
            </para>
            </summary>
            <param name="original">The object to create a prefab of.</param>
            <param name="prefabName">The name to give the prefab. This name will be passed on to each instance.</param>
            <param name="setActive">Whether to set the prefab object as active once it's initialized.</param>
        </member>
        <member name="M:ToggleableBindings.FakePrefab.Instantiate(UnityEngine.Transform,System.Boolean)">
            <summary>
            Clones the prefab and returns the new game object instance.
            </summary>
            <param name="parent">If not <see langword="null"/>, the parent that will be assigned to the new object.</param>
            <param name="instantiateInWorldSpace"><inheritdoc cref="M:UnityEngine.Object.Instantiate(UnityEngine.Object,UnityEngine.Transform,System.Boolean)" path="/param[5]"/></param>
            <returns>The instantiated clone.</returns>
        </member>
        <member name="M:ToggleableBindings.FakePrefab.Create(System.String,System.Action{UnityEngine.GameObject})">
            <summary>
            Creates a new prefab with the specified name and optionally initialized via <paramref name="initializer"/>.
            </summary>
            <param name="name">The name of the new prefab.</param>
            <param name="initializer">The action to invoke on the new prefab object.</param>
            <returns>A new <see cref="T:ToggleableBindings.FakePrefab"/> with the specified name and optionally initialized using <paramref name="initializer"/>.</returns>
        </member>
        <member name="M:ToggleableBindings.FakePrefab.CreateCopy(ToggleableBindings.FakePrefab,System.String,System.Action{UnityEngine.GameObject})">
            <summary>
            Creates a new prefab using the specified <see cref="T:ToggleableBindings.FakePrefab"/> as a template.
            <br/>
            This is basically an easy way to create a prefab that's based off an existing one
            without having to first instantiate it, optionally modify the instantiated game object, 
            and then create a new prefab with the modified object.
            </summary>
            <returns>A new <see cref="T:ToggleableBindings.FakePrefab"/> that is based off the specified prefab and was optionally initialized using <paramref name="initializer"/>.</returns>
            <inheritdoc cref="M:ToggleableBindings.FakePrefab.Create(System.String,System.Action{UnityEngine.GameObject})"/>
        </member>
        <member name="T:ToggleableBindings.UI.SelectedTemporarily">
            <summary>
            Sets the object this behaviour is placed on as the current EventSystem's selected object,
            optionally re-selecting the originally-selected object when this component is destroyed.
            </summary>
        </member>
        <member name="P:ToggleableBindings.UI.SelectedTemporarily.ReselectLast">
            <summary>
            Gets or sets whether to reselect the originally-selected 
            object when this component is destroyed.
            <br/>
            Default: <see langword="true"/>
            </summary>
        </member>
        <member name="T:ToggleableBindings.UI.SimpleScroller">
            <summary>
            Adds a simple scrolling menu by using a containing RectTransform along with a child 'content' RectTransform.
            </summary>
        </member>
        <member name="P:ToggleableBindings.UI.SimpleScroller.Content">
            <summary>
            The child <see cref="T:UnityEngine.RectTransform"/> that contains the content to scroll.
            </summary>
        </member>
        <member name="M:ToggleableBindings.UI.SimpleScroller.Reset">
            <summary>
            Reset the scroller to its default state.
            </summary>
        </member>
        <member name="M:ToggleableBindings.UI.BindingsUIBindingButton.#cctor">
            <summary>
            Creates the prefab for this object.
            </summary>
        </member>
        <member name="T:ToggleableBindings.Utility.ArrayUtil">
            <summary>
            Utility for working with arrays.
            </summary>
        </member>
        <member name="M:ToggleableBindings.Utility.ArrayUtil.Empty``1">
            <summary>
            Gets an empty array of type <typeparamref name="T"/> and caches it for further calls.
            </summary>
            <typeparam name="T">The type of array.</typeparam>
            <returns>An empty array of type <typeparamref name="T"/>.</returns>
        </member>
        <member name="T:ToggleableBindings.Utility.EnumerableUtil">
            <summary>
            Utility class for working with <see cref="T:System.Collections.Generic.IEnumerable`1"/>.
            </summary>
        </member>
        <member name="M:ToggleableBindings.Utility.EnumerableUtil.AsEnumerable``1(``0)">
            <summary>
            Returns an <see cref="T:System.Collections.Generic.IEnumerable`1"/> that contains a single value.
            </summary>
            <typeparam name="T">The type of value.</typeparam>
            <param name="value">The value the <see cref="T:System.Collections.Generic.IEnumerable`1"/> will contain.</param>
            <returns>An <see cref="T:System.Collections.Generic.IEnumerable`1"/> with <paramref name="value"/> as its only element.</returns>
        </member>
        <member name="M:ToggleableBindings.Utility.EnumerableUtil.AsEnumerable``1(``0[])">
            <summary>
            Returns an <see cref="T:System.Collections.Generic.IEnumerable`1"/> that contains the specified values.
            </summary>
            <typeparam name="T">The type of values.</typeparam>
            <param name="values">The values the <see cref="T:System.Collections.Generic.IEnumerable`1"/> will contain.</param>
            <returns>An <see cref="T:System.Collections.Generic.IEnumerable`1"/> that contains the specified values.</returns>
        </member>
        <member name="T:ToggleableBindings.Utility.InstanceFlags">
            <summary>
            Flags that specify settings for instantiating an object.
            </summary>
        </member>
        <member name="F:ToggleableBindings.Utility.InstanceFlags.Default">
            <summary>
            Specifies no instantiation flags.
            </summary>
        </member>
        <member name="F:ToggleableBindings.Utility.InstanceFlags.DontDestroyOnLoad">
            <summary>
            Call <see cref="M:UnityEngine.Object.DontDestroyOnLoad(UnityEngine.Object)"/> on the resulting instance.
            </summary>
        </member>
        <member name="F:ToggleableBindings.Utility.InstanceFlags.StartInactive">
            <summary>
            Starts the instantiated object in an inactive state.
            </summary>
        </member>
        <member name="F:ToggleableBindings.Utility.InstanceFlags.WorldPositionStays">
            <summary>
            If a parent is specified, the instantiated object should keep its world position.
            </summary>
        </member>
        <member name="T:ToggleableBindings.Utility.CoroutineBuilder.Instruction">
            <summary>
            A simple representation of a method instruction that can either be an <see cref="T:System.Action"/> to invoke or an object to yield return.
            </summary>
        </member>
        <member name="P:ToggleableBindings.Utility.CoroutineBuilder.Instruction.YieldNull">
            <summary>
            Gets an <see cref="T:ToggleableBindings.Utility.CoroutineBuilder.Instruction"/> representing 'yield return <see langword="null"/>'.
            </summary>
        </member>
        <member name="P:ToggleableBindings.Utility.CoroutineBuilder.Instruction.Action">
            <summary>
            If not <see langword="null"/>, the action to be invoked.
            </summary>
        </member>
        <member name="P:ToggleableBindings.Utility.CoroutineBuilder.Instruction.Yield">
            <summary>
            If <see cref="P:ToggleableBindings.Utility.CoroutineBuilder.Instruction.Action"/> is <see langword="null"/>, the <see cref="T:System.Object"/> to yield return. Can be <see langword="null"/>.
            </summary>
        </member>
        <member name="P:ToggleableBindings.Utility.CoroutineBuilder.Instruction.IsYield">
            <summary>
            Gets whether this should be a Yield instruction.
            </summary>
            <returns><see langword="true"/> if <see cref="P:ToggleableBindings.Utility.CoroutineBuilder.Instruction.Action"/> is <see langword="null"/>.</returns>
        </member>
        <member name="T:ToggleableBindings.Utility.ObjectUtil">
            <summary>
            Utility class for working with Unity <see cref="T:UnityEngine.Object"/> types.
            </summary>
        </member>
        <member name="M:ToggleableBindings.Utility.ObjectUtil.HeroIsWithinDistanceOf(UnityEngine.GameObject,System.Single)">
            <summary>
            Checks to see if the Knight is within the specified distance of the given game object.
            </summary>
            <param name="gameObject">The game object to check the distance for.</param>
            <param name="distance">The distance the Knight must be within for this method to return <see langword="true"/>.</param>
            <returns><see langword="true"/> if the Knight is within <paramref name="distance"/> of the object; otherwise, <see langword="false"/>.</returns>
        </member>
        <member name="M:ToggleableBindings.Utility.ObjectUtil.GetBenchInScene">
            <summary>
            Returns the first bench found in the scene or <see langword="null"/> if there isn't a bench.
            </summary>
            <returns>The first bench found in the scene or <see langword="null"/> if one was not found.</returns>
        </member>
        <member name="T:ToggleableBindings.Utility.ResultInfo`1">
            <summary>
            Provides a way to return a value along with extra information.
            </summary>
        </member>
        <member name="P:ToggleableBindings.Utility.ResultInfo`1.Value">
            <summary>
            The held value of this <see cref="T:ToggleableBindings.Utility.ResultInfo`1"/>.
            </summary>
        </member>
        <member name="P:ToggleableBindings.Utility.ResultInfo`1.Information">
            <summary>
            The information provided with this <see cref="T:ToggleableBindings.Utility.ResultInfo`1"/>.
            </summary>
        </member>
        <member name="M:ToggleableBindings.Utility.ResultInfo`1.#ctor(`0,System.String)">
            <summary>
            Creates a new <see cref="T:ToggleableBindings.Utility.ResultInfo`1"/> with the given value and information string.
            </summary>
            <param name="value">The value of the result.</param>
            <param name="information">The information provided with the result.</param>
        </member>
        <member name="M:ToggleableBindings.Utility.ResultInfo`1.op_Implicit(`0)~ToggleableBindings.Utility.ResultInfo{`0}">
            <summary>
            Implicitly converts a value into a new <see cref="T:ToggleableBindings.Utility.ResultInfo`1"/>.
            </summary>
            <param name="value">The value to use.</param>
        </member>
        <member name="M:ToggleableBindings.Utility.ResultInfo`1.op_Implicit(System.ValueTuple{`0,System.String})~ToggleableBindings.Utility.ResultInfo{`0}">
            <summary>
            Implicitly converts a tuple of a value and a string into a new <see cref="T:ToggleableBindings.Utility.ResultInfo`1"/>.
            </summary>
            <param name="value">The tuple to use.</param>
        </member>
        <member name="T:ToggleableBindings.Utility.StringUtil">
            <summary>
            Utility class for working with <see cref="T:System.String"/> objects.
            </summary>
        </member>
        <member name="M:ToggleableBindings.Utility.StringUtil.IsNullOrEmpty(System.String)">
            <summary>
            Checks whether the given string is <see langword="null"/> or has a length of zero.
            </summary>
            <param name="value">The string to test.</param>
            <returns><see langword="true"/> if <paramref name="value"/> is <see langword="null"/> or has a length of zero.</returns>
        </member>
        <member name="M:ToggleableBindings.Utility.StringUtil.IsNullOrWhiteSpace(System.String)">
            <summary>
            Checks whether the given string is <see langword="null"/> or consists solely of white space characters.
            </summary>
            <param name="value">The string to test.</param>
            <returns><see langword="true"/> if <paramref name="value"/> is <see langword="null"/> or consists solely of white space characters.</returns>
        </member>
        <member name="M:ToggleableBindings.Utility.StringUtil.RemoveWhiteSpace(System.String)">
            <summary>
            Returns a new string that is a copy of the given string with all white space characters removed.
            </summary>
            <param name="value">The string to use.</param>
            <returns>A copy of <paramref name="value"/> with all white space characters removed.</returns>
        </member>
        <member name="M:ToggleableBindings.Utility.StringUtil.Create(System.Collections.Generic.IEnumerable{System.Char})">
            <summary>
            Creates a new string from an <see cref="T:System.Collections.Generic.IEnumerable`1"/> of type <see cref="T:System.Char"/>.
            </summary>
            <param name="characters">The collection of characters to use.</param>
            <returns>A new string that consists of the given characters, or <see cref="F:System.String.Empty"/> if <paramref name="characters"/> is <see langword="null"/>.</returns>
        </member>
        <member name="M:ToggleableBindings.Utility.StringUtil.Join``1(System.Char,``0[])">
            <summary>
            Concatenates the specified separator between the string representations of the given values.
            </summary>
            <typeparam name="T">The type of values.</typeparam>
            <param name="separator">The separator to use.</param>
            <param name="values">The values to concatenate the string representations of.</param>
            <returns>A string that consists of the string representations of <paramref name="values"/> concatenated by <paramref name="separator"/>.</returns>
        </member>
        <member name="M:ToggleableBindings.Utility.StringUtil.Join``1(System.String,``0[])">
            <inheritdoc cref="M:ToggleableBindings.Utility.StringUtil.Join``1(System.Char,``0[])"/>
        </member>
        <member name="M:ToggleableBindings.Utility.StringUtil.Join``1(System.Char,System.Collections.Generic.IEnumerable{``0})">
            <inheritdoc cref="M:ToggleableBindings.Utility.StringUtil.Join``1(System.Char,``0[])"/>
        </member>
        <member name="M:ToggleableBindings.Utility.StringUtil.Join``1(System.String,System.Collections.Generic.IEnumerable{``0})">
            <inheritdoc cref="M:ToggleableBindings.Utility.StringUtil.Join``1(System.Char,``0[])"/>
        </member>
        <member name="T:ToggleableBindings.Utility.TryResult">
            <summary>
            Represents the result of an operation.
            </summary>
        </member>
        <member name="P:ToggleableBindings.Utility.TryResult.IsSuccess">
            <summary>
            Indicates whether the operation was successful.
            </summary>
        </member>
        <member name="P:ToggleableBindings.Utility.TryResult.Exception">
            <summary>
            If the operation was unsuccessful, contains an <see cref="T:System.Exception"/> that would have been thrown.
            </summary>
        </member>
        <member name="M:ToggleableBindings.Utility.TryResult.#ctor(System.Exception)">
            <summary>
            Creates a new unsuccessful <see cref="T:ToggleableBindings.Utility.TryResult"/> with the specified exception.
            </summary>
            <param name="exception">The exception that was produced by the operation.</param>
        </member>
        <member name="M:ToggleableBindings.Utility.TryResult.ThrowIfUnsuccessful">
            <summary>
            Throws the contained exception if <see cref="P:ToggleableBindings.Utility.TryResult.IsSuccess"/> is <see langword="false"/>.
            </summary>
        </member>
        <member name="M:ToggleableBindings.Utility.TryResult.ToString">
            <inheritdoc/>
        </member>
        <member name="P:ToggleableBindings.Utility.TryResult.Success">
            <summary>
            Returns a <see cref="T:ToggleableBindings.Utility.TryResult"/> indicating a successful operation.
            </summary>
        </member>
        <member name="M:ToggleableBindings.Utility.TryResult.op_Implicit(System.Exception)~ToggleableBindings.Utility.TryResult">
            <inheritdoc cref="M:ToggleableBindings.Utility.TryResult.#ctor(System.Exception)"/>
        </member>
        <member name="M:ToggleableBindings.Utility.TryResult.op_Implicit(ToggleableBindings.Utility.TryResult)~System.Boolean">
            <summary>
            Implicitly converts the <see cref="T:ToggleableBindings.Utility.TryResult"/> to a <see cref="T:System.Boolean"/>.
            </summary>
            <param name="value">The value to use.</param>
        </member>
        <member name="T:ToggleableBindings.Utility.TryResult`1">
            <summary>
            Represents the result of an operation that returns a value.
            </summary>
            <typeparam name="T">The type of value returned by the operation.</typeparam>
        </member>
        <member name="P:ToggleableBindings.Utility.TryResult`1.Value">
            <summary>
            If the operation was successful, returns the resulting value; otherwise, throws an <see cref="T:System.InvalidOperationException"/>.
            </summary>
            <exception cref="T:System.InvalidOperationException"/>
        </member>
        <member name="M:ToggleableBindings.Utility.TryResult`1.#ctor(`0,System.Exception)">
            <summary>
            Creates a new <see cref="T:ToggleableBindings.Utility.TryResult`1"/> with the specified value or the exception that was caused if unsuccessful.
            </summary>
            <param name="value">The value to use.</param>
            <param name="exception">The exception that was produced by the operation.</param>
        </member>
        <member name="M:ToggleableBindings.Utility.TryResult`1.GetValueOrThrow">
            <summary>
            If <see cref="P:ToggleableBindings.Utility.TryResult.IsSuccess"/> is <see langword="true"/>, returns the resulting value of the successful operation; otherwise, throws the exception that would have been thrown.
            </summary>
            <returns>The value returned by the successful operation.</returns>
        </member>
        <member name="M:ToggleableBindings.Utility.TryResult`1.TryGetValue(`0@,`0)">
            <summary>
            Returns <see cref="P:ToggleableBindings.Utility.TryResult.IsSuccess"/> and gets the value returned by a successful operation or <paramref name="defaultValue"/> if the operation was unsuccessful.
            <para/>
            The resulting value may be <see langword="null"/> only if the operation either succeeded and returned <see langword="null"/> or failed and <paramref name="defaultValue"/> is <see langword="null"/>.
            </summary>
            <param name="result"></param>
            <param name="defaultValue"></param>
            <returns></returns>
        </member>
        <member name="M:ToggleableBindings.Utility.TryResult`1.op_Implicit(`0)~ToggleableBindings.Utility.TryResult{`0}">
            <summary>
            Implicitly creates a new <see cref="T:ToggleableBindings.Utility.TryResult`1"/> from the given value.
            </summary>
            <param name="value">The value.</param>
        </member>
        <member name="M:ToggleableBindings.Utility.TryResult`1.op_Implicit(System.Exception)~ToggleableBindings.Utility.TryResult{`0}">
            <summary>
            Implicitly creates a new <see cref="T:ToggleableBindings.Utility.TryResult`1"/> from the given exception.
            </summary>
            <param name="value">The value.</param>
        </member>
        <member name="T:ToggleableBindings.Utility.WaitUntilOrTimeout">
            <summary>
            Waits until either a condition becomes <see langword="true"/> or the specified amount of time passes.
            </summary>
        </member>
        <member name="P:ToggleableBindings.Utility.WaitUntilOrTimeout.keepWaiting">
            <inheritdoc/>
        </member>
        <member name="M:ToggleableBindings.Utility.WaitUntilOrTimeout.#ctor(System.Single,System.Func{System.Boolean})">
            <summary>
            Suspends the coroutine execution until either the supplied delegate becomes <see langword="true"/> or the specified amount of seconds passes.
            </summary>
            <param name="timeout">The timeout, in seconds. When this amount of time passes, coroutine execution is resumed.</param>
            <param name="condition">The delegate to check. When this delegate returns <see langword="true"/> or <paramref name="timeout"/> passes, coroutine execution is continued.</param>
        </member>
        <member name="T:ToggleableBindings.Exceptions.TypeArgumentAbstractException">
            <summary>
            The exception that is thrown when one of the type arguments provided to a method refers to a type that is abstract.
            </summary>
        </member>
        <member name="M:ToggleableBindings.Exceptions.TypeArgumentAbstractException.#ctor">
            <summary>
            Initializes a new instance of the <see cref="T:ToggleableBindings.Exceptions.TypeArgumentAbstractException"/> class.
            </summary>
        </member>
        <member name="M:ToggleableBindings.Exceptions.TypeArgumentAbstractException.#ctor(System.String)">
            <summary>
            Initializes a new instance of the <see cref="T:ToggleableBindings.Exceptions.TypeArgumentAbstractException"/> class
            with a specified error message.
            </summary>
        </member>
        <member name="M:ToggleableBindings.Exceptions.TypeArgumentAbstractException.#ctor(System.String,System.String)">
            <summary>
            Initializes a new instance of the <see cref="T:ToggleableBindings.Exceptions.TypeArgumentAbstractException"/> class
            with a specified error message and the name of the type parameter that causes this exception.
            </summary>
        </member>
        <member name="M:ToggleableBindings.Exceptions.TypeArgumentAbstractException.#ctor(System.String,System.Exception)">
            /// <summary>
            Initializes a new instance of the <see cref="T:ToggleableBindings.Exceptions.TypeArgumentAbstractException"/> class
            with a specified error message and
            a reference to the inner exception that is the cause of this exception.
            </summary>
        </member>
        <member name="M:ToggleableBindings.Exceptions.TypeArgumentAbstractException.#ctor(System.Runtime.Serialization.SerializationInfo,System.Runtime.Serialization.StreamingContext)">
            <summary>
            Initializes a new instance of the <see cref="T:ToggleableBindings.Exceptions.TypeArgumentAbstractException"/> class
            with serialized data.
            </summary>
            <inheritdoc/>
        </member>
        <member name="T:ToggleableBindings.Exceptions.TypeArgumentException">
            <summary>
            The exception that is thrown when one of the type arguments provided to a method is not valid.
            </summary>
        </member>
        <member name="P:ToggleableBindings.Exceptions.TypeArgumentException.Message">
            <inheritdoc/>
        </member>
        <member name="P:ToggleableBindings.Exceptions.TypeArgumentException.TypeParamName">
            <summary>
            Gets the name of the type parameter that caused this exception.
            </summary>
        </member>
        <member name="M:ToggleableBindings.Exceptions.TypeArgumentException.#ctor">
            <summary>
            Initializes a new instance of the <see cref="T:ToggleableBindings.Exceptions.TypeArgumentException"/> class.
            </summary>
        </member>
        <member name="M:ToggleableBindings.Exceptions.TypeArgumentException.#ctor(System.String)">
            <summary>
            Initializes a new instance of the <see cref="T:ToggleableBindings.Exceptions.TypeArgumentException"/> class
            with a specified error message.
            </summary>
        </member>
        <member name="M:ToggleableBindings.Exceptions.TypeArgumentException.#ctor(System.String,System.String)">
            <summary>
            Initializes a new instance of the <see cref="T:ToggleableBindings.Exceptions.TypeArgumentException"/> class
            with a specified error message and the name of the type parameter that causes this exception.
            </summary>
        </member>
        <member name="M:ToggleableBindings.Exceptions.TypeArgumentException.#ctor(System.String,System.Exception)">
            /// <summary>
            Initializes a new instance of the <see cref="T:ToggleableBindings.Exceptions.TypeArgumentException"/> class
            with a specified error message and
            a reference to the inner exception that is the cause of this exception.
            </summary>
        </member>
        <member name="M:ToggleableBindings.Exceptions.TypeArgumentException.#ctor(System.Runtime.Serialization.SerializationInfo,System.Runtime.Serialization.StreamingContext)">
            <summary>
            Initializes a new instance of the <see cref="T:ToggleableBindings.Exceptions.TypeArgumentException"/> class
            with serialized data.
            </summary>
            <inheritdoc/>
        </member>
        <member name="T:ToggleableBindings.HKQuickSettings.QuickSettingAttribute">
            <summary>
            Note: Only works on static members.
            <para/>
            Specifies that the member with this attribute is a setting that will automatically be saved and loaded to the settings files.
            Parameters specify the name and/or whether this setting is save slot-specific.
            </summary>
        </member>
        <member name="P:ToggleableBindings.HKQuickSettings.QuickSettingInfo.MemberInfo">
            <summary>
            Gets the setting's <see cref="T:System.Reflection.MemberInfo"/>. This
            is the field or property that this setting gets and sets the value of.
            </summary>
        </member>
        <member name="P:ToggleableBindings.HKQuickSettings.QuickSettingInfo.Name">
            <summary>
            Gets the setting's name. If <see langword="null"/>, returns <see cref="P:System.Reflection.MemberInfo.Name"/>.
            <para/>
            Example: '<c>MySpecialVariable</c>'
            </summary>
        </member>
        <member name="P:ToggleableBindings.HKQuickSettings.QuickSettingInfo.Key">
            <summary>
            Gets the setting's key. This is the declaring type name of the
            setting (the type that holds the <see cref="T:System.Reflection.MemberInfo"/>)
            plus a period, then <see cref="P:ToggleableBindings.HKQuickSettings.QuickSettingInfo.Name"/>.
            <para/>
            Example: '<c>MyDeclaringType.MySpecialVariable</c>'
            </summary>
        </member>
        <member name="P:ToggleableBindings.HKQuickSettings.QuickSettingInfo.IsPerSave">
            <summary>
            Gets whether this setting is save slot-specific - that is, saved and
            loaded when the game starts and ends or saved and loaded along with a specific save slot.
            </summary>
        </member>
        <member name="E:ToggleableBindings.HKQuickSettings.QuickSettings.Initialized">
            <summary>
            Called when this <see cref="T:ToggleableBindings.HKQuickSettings.QuickSettings"/> object finishes initializing.
            </summary>
        </member>
        <member name="E:ToggleableBindings.HKQuickSettings.QuickSettings.Unloaded">
            <summary>
            Called when this <see cref="T:ToggleableBindings.HKQuickSettings.QuickSettings"/> object finishes unloading.
            </summary>
        </member>
        <member name="E:ToggleableBindings.HKQuickSettings.QuickSettings.GlobalSettingsSaved">
            <summary>
            Called when the global settings are saved to file.
            </summary>
        </member>
        <member name="E:ToggleableBindings.HKQuickSettings.QuickSettings.GlobalSettingsLoaded">
            <summary>
            Called when the global settings are loaded from file.
            </summary>
        </member>
        <member name="E:ToggleableBindings.HKQuickSettings.QuickSettings.SaveSettingsSaved">
            <summary>
            Called when save-specific settings are saved to file.
            When invoked via <see cref="E:On.GameManager.SaveGame"/>,
            this is right before the actual game save is saved.
            <para/>
            The first parameter is the save slot ID.
            </summary>
        </member>
        <member name="E:ToggleableBindings.HKQuickSettings.QuickSettings.SaveSettingsLoaded">
            <summary>
            Called when save-specific settings are loaded from file.
            When invoked via <see cref="E:On.GameManager.LoadGame"/>,
            this is right after the actual game save is loaded.
            <para/>
            The first parameter is the save slot ID.
            </summary>
        </member>
        <member name="P:ToggleableBindings.HKQuickSettings.QuickSettings.ModName">
            <summary>
            Gets the name of the mod that initialized this settings object.
            </summary>
        </member>
        <member name="P:ToggleableBindings.HKQuickSettings.QuickSettings.CurrentSaveSlot">
            <summary>
            Gets the current save slot that's loaded, or <see langword="null"/> if there isn't one.
            </summary>
        </member>
        <member name="M:ToggleableBindings.HKQuickSettings.QuickSettings.#ctor">
            <summary>
            Creates a new <see cref="T:ToggleableBindings.HKQuickSettings.QuickSettings"/> instance. In the case of this constructor failing,
            you should try using <see cref="M:ToggleableBindings.HKQuickSettings.QuickSettings.#ctor(Modding.Mod)"/> or <see cref="M:ToggleableBindings.HKQuickSettings.QuickSettings.#ctor(System.Type)"/>.
            </summary>
        </member>
        <member name="M:ToggleableBindings.HKQuickSettings.QuickSettings.#ctor(Modding.Mod)">
            <summary>
            Creates a new <see cref="T:ToggleableBindings.HKQuickSettings.QuickSettings"/> instance from the
            specified <see cref="T:Modding.Mod"/> instance.
            </summary>
            <param name="mod"></param>
        </member>
        <member name="M:ToggleableBindings.HKQuickSettings.QuickSettings.#ctor(System.Type)">
            <summary>
            Creates a new <see cref="T:ToggleableBindings.HKQuickSettings.QuickSettings"/> instance from the
            specified <see cref="T:System.Type"/>.
            </summary>
            <param name="modType"></param>
        </member>
        <member name="M:ToggleableBindings.HKQuickSettings.QuickSettings.Initialize(System.String)">
            <summary>
            Initializes the <see cref="T:ToggleableBindings.HKQuickSettings.QuickSettings"/> with the specified <paramref name="modName"/>. Should be called in the constructor.
            </summary>
            <param name="modName"></param>
        </member>
        <member name="M:ToggleableBindings.HKQuickSettings.QuickSettings.Unload">
            <summary>
            Unloads this <see cref="T:ToggleableBindings.HKQuickSettings.QuickSettings"/> object. This will save all available values to file before cleaning up.
            Once this object is unloaded, you should not attempt to use it again. Create a new <see cref="T:ToggleableBindings.HKQuickSettings.QuickSettings"/> object instead.
            </summary>
        </member>
        <member name="M:ToggleableBindings.HKQuickSettings.QuickSettings.AddSetting(System.Reflection.MemberInfo,System.String,System.Boolean)">
            <summary>
            Adds a setting. Functionally equivalent to declaring <see cref="T:ToggleableBindings.HKQuickSettings.QuickSettingAttribute"/> on a member; you may wish to use that instead.
            <para id="doesNotAutoSave">
            Note: This does not cause a save to occur; if you wish to ensure the new state is saved to file,
            call <see cref="M:ToggleableBindings.HKQuickSettings.QuickSettings.SaveAllSettings"/> or one of the other save methods.
            </para>
            </summary>
            <param name="member">The member to add as a setting.</param>
            <param name="settingName">The optional name of the setting. If <see langword="null"/>, uses <see cref="P:System.Reflection.MemberInfo.Name"/> instead.</param>
            <param name="isPerSave">If <see langword="true"/>, this setting is save slot-specific.</param>
        </member>
        <member name="M:ToggleableBindings.HKQuickSettings.QuickSettings.RemoveSetting(System.String,System.Boolean)">
            <summary>
            Removes the setting with the specified name.
            <inheritdoc cref="M:ToggleableBindings.HKQuickSettings.QuickSettings.AddSetting(System.Reflection.MemberInfo,System.String,System.Boolean)" path="//para[@id='doesNotAutoSave']"/>
            </summary>
            <param name="settingName">The name of the setting to remove.</param>
            <inheritdoc cref="M:ToggleableBindings.HKQuickSettings.QuickSettings.RemoveSetting(System.Func{ToggleableBindings.HKQuickSettings.QuickSettingInfo,System.Boolean},System.Boolean)"/>
        </member>
        <member name="M:ToggleableBindings.HKQuickSettings.QuickSettings.RemoveSetting(System.Reflection.MemberInfo,System.Boolean)">
            <summary>
            Removes the setting with the specified <see cref="T:System.Reflection.MemberInfo"/>.
            <inheritdoc cref="M:ToggleableBindings.HKQuickSettings.QuickSettings.AddSetting(System.Reflection.MemberInfo,System.String,System.Boolean)" path="//para[@id='doesNotAutoSave']"/>
            </summary>
            <param name="member">The member to remove as a setting.</param>
            <inheritdoc cref="M:ToggleableBindings.HKQuickSettings.QuickSettings.RemoveSetting(System.Func{ToggleableBindings.HKQuickSettings.QuickSettingInfo,System.Boolean},System.Boolean)"/>
        </member>
        <member name="M:ToggleableBindings.HKQuickSettings.QuickSettings.RemoveSetting(System.Func{ToggleableBindings.HKQuickSettings.QuickSettingInfo,System.Boolean},System.Boolean)">
            <summary>
            Removes the first setting that matches the specified <paramref name="predicate"/>.
            <inheritdoc cref="M:ToggleableBindings.HKQuickSettings.QuickSettings.AddSetting(System.Reflection.MemberInfo,System.String,System.Boolean)" path="//para[@id='doesNotAutoSave']"/>
            </summary>
            <param name="predicate">The predicate to match.</param>
            <param name="isPerSave">If <see langword="true"/>, the setting to remove is save slot-specific.</param>
            <returns><see langword="true"/> if the setting was successfully found and removed; otherwise, <see langword="false"/>.</returns>
        </member>
        <member name="M:ToggleableBindings.HKQuickSettings.QuickSettings.GetGlobalSettingsPath">
            <summary>
            Gets the global settings file path. The file is not guaranteed to exist.
            </summary>
            <returns>The path to the global settings file for this mod.</returns>
        </member>
        <member name="M:ToggleableBindings.HKQuickSettings.QuickSettings.GetSaveSettingsPath(System.Nullable{System.Int32})">
            <summary>
            Gets the save settings file path for the specified <paramref name="saveSlotID"/>, or the currently loaded save
            slot if <paramref name="saveSlotID"/> is <see langword="null"/> and one is currently loaded.
            The file is not guaranteed to exist.
            </summary>
            <param name="saveSlotID">The save slot ID to use.</param>
            <returns>
            The path to the save settings file of the specified slot for this mod, or <see langword="null"/>
            if <paramref name="saveSlotID"/> is <see langword="null"/> and no save is currently loaded. The path always
            separates directories using '<c>/</c>'.
            </returns>
        </member>
        <member name="M:ToggleableBindings.HKQuickSettings.QuickSettings.SaveAllSettings">
            <summary>
            Saves both global and save settings to file. Save settings will only be saved if a save is currently loaded.
            </summary>
        </member>
        <member name="M:ToggleableBindings.HKQuickSettings.QuickSettings.SaveGlobalSettings">
            <summary>
            Saves the global settings to file. Called automatically via <see cref="E:On.GameManager.OnApplicationQuit"/>.
            </summary>
        </member>
        <member name="M:ToggleableBindings.HKQuickSettings.QuickSettings.SaveSaveSettings">
            <summary>
            Saves the save settings to file. A save must be currently loaded. 
            Called automatically via <see cref="E:On.GameManager.SaveGame"/> and happens before
            the actual game save is saved.
            </summary>
            <exception cref="T:System.InvalidOperationException"/>
        </member>
        <member name="T:ToggleableBindings.ToggleableBindings">
            <summary>
            The entry point for the <see cref="T:ToggleableBindings.ToggleableBindings"/> mod.
            </summary>
        </member>
        <member name="P:ToggleableBindings.ToggleableBindings.Instance">
            <summary>
            Gets the instance of this mod.
            </summary>
        </member>
        <member name="M:ToggleableBindings.ToggleableBindings.#ctor">
            <summary>
            Constructor. Do not use explicitly.
            </summary>
        </member>
        <member name="M:ToggleableBindings.ToggleableBindings.Initialize(System.Collections.Generic.Dictionary{System.String,System.Collections.Generic.Dictionary{System.String,UnityEngine.GameObject}})">
            <inheritdoc/>
        </member>
        <member name="M:ToggleableBindings.ToggleableBindings.LoadPriority">
            <inheritdoc/>
        </member>
        <member name="M:ToggleableBindings.ToggleableBindings.GetPreloadNames">
            <inheritdoc/>
        </member>
        <member name="M:ToggleableBindings.ToggleableBindings.GetVersion">
            <inheritdoc/>
        </member>
        <member name="T:ToggleableBindings.VanillaBindings.VanillaBindingAttribute">
            <summary>
            Marks the <see cref="T:ToggleableBindings.Binding"/> this attribute is defined on as a base game binding.
            </summary>
        </member>
    </members>
</doc>
